3.963,-0.14372,0.41951,-1.0374,-0.36059
3.944,0.020015,-0.041069,0.051414,0.00131
3.9761,-0.065877,-0.017789,0.055963,-0.015107
3.9784,-0.060152,-0.051138,0.013601,0.0052653
3.9719,-0.071209,0.48744,-0.9992,-0.38047
3.9327,0.013868,-0.0079797,0.093956,-0.019049
3.9761,-0.065877,-0.017789,0.055963,-0.015107
3.9741,-0.065484,0.45409,-1.0416,-0.3601
3.9761,-0.065877,-0.017789,0.055963,-0.015107
3.9327,0.013868,-0.0079797,0.093956,-0.019049
3.9813,-0.059437,-0.052357,0.021005,-0.018992
3.9761,-0.065877,-0.017789,0.055963,-0.015107
3.9761,-0.065877,-0.017789,0.055963,-0.015107
3.9761,-0.065877,-0.017789,0.055963,-0.015107
2.8214,0.55159,-0.028915,0.074757,-0.0054801
4.0228,-0.14485,-0.062367,-0.022031,-0.015169
3.9327,0.013868,-0.0079797,0.093956,-0.019049
3.9761,-0.065877,-0.017789,0.055963,-0.015107
2.8214,0.55159,-0.028915,0.074757,-0.0054801
2.5965,0.99951,0.43733,0.8014,-0.12659
3.9761,-0.065877,-0.017789,0.055963,-0.015107
3.9761,-0.065877,-0.017789,0.055963,-0.015107
3.9761,-0.065877,-0.017789,0.055963,-0.015107
3.9327,0.013868,-0.0079797,0.093956,-0.019049
3.9813,-0.059437,-0.052357,0.021005,-0.018992
3.9327,0.013868,-0.0079797,0.093956,-0.019049
3.9763,-0.074909,-0.021802,0.060241,-0.014619
3.9723,-0.07571,0.48321,-0.99925,-0.37968
3.9763,-0.074909,-0.021802,0.060241,-0.014619
3.9761,-0.065877,-0.017789,0.055963,-0.015107
3.9761,-0.065877,-0.017789,0.055963,-0.015107
3.9327,0.013868,-0.0079797,0.093956,-0.019049
3.9761,-0.065877,-0.017789,0.055963,-0.015107
3.9415,-0.1387,0.45154,-1.0025,-0.37968
3.9379,0.020308,-0.042548,0.058998,-0.022933
3.9379,0.020308,-0.042548,0.058998,-0.022933
3.9442,-0.13571,-0.086924,0.014424,0.0049976
3.9379,0.020308,-0.042548,0.058998,-0.022933
3.9761,-0.065877,-0.017789,0.055963,-0.015107
3.9764,-0.074788,0.48333,-0.99941,-0.37969
3.9761,-0.065877,-0.017789,0.055963,-0.015107
4.0228,-0.14485,-0.062367,-0.022031,-0.015169
3.9394,-0.14411,-0.11793,0.016419,0.016391
3.9761,-0.065877,-0.017789,0.055963,-0.015107
3.9813,-0.059437,-0.052357,0.021005,-0.018992
3.9023,-0.053618,-0.043875,0.090651,-0.018261
3.9813,-0.059437,-0.052357,0.021005,-0.018992
3.9327,0.013868,-0.0079797,0.093956,-0.019049
3.9813,-0.059437,-0.052357,0.021005,-0.018992
3.9327,0.013868,-0.0079797,0.093956,-0.019049
3.9327,0.013868,-0.0079797,0.093956,-0.019049
3.9327,0.013868,-0.0079797,0.093956,-0.019049
3.9761,-0.065877,-0.017789,0.055963,-0.015107
3.9719,-0.071209,0.48744,-0.9992,-0.38047
3.9811,-0.066659,-0.054649,0.053004,-0.0018328
3.9327,0.013868,-0.0079797,0.093956,-0.019049
2.8214,0.55159,-0.028915,0.074757,-0.0054801
3.9379,0.020308,-0.042548,0.058998,-0.022933
3.9719,-0.071209,0.48744,-0.9992,-0.38047
3.9331,0.009367,-0.012204,0.093907,-0.018261
3.9769,-0.071991,0.45058,-1.0022,-0.36719
3.9761,-0.065877,-0.017789,0.055963,-0.015107
3.9379,0.020308,-0.042548,0.058998,-0.022933
3.972,-0.080241,0.48342,-0.99492,-0.37998
3.9327,0.013868,-0.0079797,0.093956,-0.019049
3.9719,-0.071209,0.48744,-0.9992,-0.38047
3.9766,-0.070378,-0.022013,0.055913,-0.01432
3.9719,-0.071209,0.48744,-0.9992,-0.38047
3.9766,-0.070378,-0.022013,0.055913,-0.01432
3.972,-0.080241,0.48342,-0.99492,-0.37998
3.9784,-0.060152,-0.051138,0.013601,0.0052653
3.9377,0.013086,-0.04484,0.090997,-0.0057744
3.9761,-0.065877,-0.017789,0.055963,-0.015107
2.7258,0.36119,0.46735,0.82056,-0.14517
3.9349,0.019593,-0.041329,0.051595,0.0013237
3.9761,-0.065877,-0.017789,0.055963,-0.015107
3.9331,0.009367,-0.012204,0.093907,-0.018261
3.9813,-0.059437,-0.052357,0.021005,-0.018992
3.9327,0.013868,-0.0079797,0.093956,-0.019049
3.9771,-0.064769,0.45287,-1.0342,-0.38435
3.9327,0.013868,-0.0079797,0.093956,-0.019049
3.9761,-0.065877,-0.017789,0.055963,-0.015107
3.9761,-0.065877,-0.017789,0.055963,-0.015107
3.9379,0.020308,-0.042548,0.058998,-0.022933
3.9723,-0.07571,0.48321,-0.99925,-0.37968
3.9811,-0.066659,-0.054649,0.053004,-0.0018328
2.826,0.55803,-0.063484,0.039799,-0.0093646
3.9719,-0.071209,0.48744,-0.9992,-0.38047
2.8228,0.52093,-0.064975,0.16756,0.0014497
3.9023,-0.053618,-0.043875,0.090651,-0.018261
3.9761,-0.065877,-0.017789,0.055963,-0.015107
3.9761,-0.065877,-0.017789,0.055963,-0.015107
3.9328,0.0048364,-0.011993,0.098234,-0.01856
3.9457,-0.13336,-0.053685,0.052657,-0.01432
3.9769,-0.071991,0.45058,-1.0022,-0.36719
3.9457,-0.13336,-0.053685,0.052657,-0.01432
4.0176,-0.15129,-0.027798,0.012927,-0.011285
3.9766,-0.070378,-0.022013,0.055913,-0.01432
3.9719,-0.071209,0.48744,-0.9992,-0.38047
3.9327,0.013868,-0.0079797,0.093956,-0.019049
3.9771,-0.064769,0.45287,-1.0342,-0.38435
3.9719,-0.071209,0.48744,-0.9992,-0.38047
3.9813,-0.059437,-0.052357,0.021005,-0.018992
3.9379,0.020308,-0.042548,0.058998,-0.022933
3.9331,0.009367,-0.012204,0.093907,-0.018261
2.7292,0.36034,-0.011498,0.0080802,-0.015788
3.9377,0.013086,-0.04484,0.090997,-0.0057744
3.9761,-0.065877,-0.017789,0.055963,-0.015107
3.9771,-0.064769,0.45287,-1.0342,-0.38435
3.9457,-0.13336,-0.053685,0.052657,-0.01432
3.9719,-0.071209,0.48744,-0.9992,-0.38047
3.9327,0.013868,-0.0079797,0.093956,-0.019049
3.9761,-0.065877,-0.017789,0.055963,-0.015107
3.9327,0.013868,-0.0079797,0.093956,-0.019049
3.9761,-0.065877,-0.017789,0.055963,-0.015107
3.9719,-0.071209,0.48744,-0.9992,-0.38047
3.9761,-0.065877,-0.017789,0.055963,-0.015107
3.9761,-0.065877,-0.017789,0.055963,-0.015107
3.9457,-0.13336,-0.053685,0.052657,-0.01432
3.9813,-0.059437,-0.052357,0.021005,-0.018992
2.8214,0.55159,-0.028915,0.074757,-0.0054801
3.9771,-0.064769,0.45287,-1.0342,-0.38435
3.9327,0.013868,-0.0079797,0.093956,-0.019049
2.597,0.97781,-0.022625,0.026874,-0.0061609
3.9327,0.013868,-0.0079797,0.093956,-0.019049
3.9813,-0.059437,-0.052357,0.021005,-0.018992
3.9327,0.013868,-0.0079797,0.093956,-0.019049
3.9771,-0.064769,0.45287,-1.0342,-0.38435
3.9327,0.013868,-0.0079797,0.093956,-0.019049
3.9761,-0.065877,-0.017789,0.055963,-0.015107
3.9761,-0.065877,-0.017789,0.055963,-0.015107
3.9761,-0.065877,-0.017789,0.055963,-0.015107
2.6924,0.44093,0.47716,0.85855,-0.14911
3.9457,-0.13336,-0.053685,0.052657,-0.01432
3.9813,-0.059437,-0.052357,0.021005,-0.018992
3.9327,0.013868,-0.0079797,0.093956,-0.019049
3.9769,-0.071991,0.45058,-1.0022,-0.36719
3.9761,-0.065877,-0.017789,0.055963,-0.015107
3.9811,-0.066659,-0.054649,0.053004,-0.0018328
3.9023,-0.053618,-0.043875,0.090651,-0.018261
3.9761,-0.065877,-0.017789,0.055963,-0.015107
3.9723,-0.07571,0.48321,-0.99925,-0.37968
3.9769,-0.071991,0.45058,-1.0022,-0.36719
3.9457,-0.13336,-0.053685,0.052657,-0.01432
3.9719,-0.071209,0.48744,-0.9992,-0.38047
3.9719,-0.071209,0.48744,-0.9992,-0.38047
3.9377,0.013086,-0.04484,0.090997,-0.0057744
3.9457,-0.13336,-0.053685,0.052657,-0.01432
3.9769,-0.071991,0.45058,-1.0022,-0.36719
3.9023,-0.053618,-0.043875,0.090651,-0.018261
3.9719,-0.071209,0.48744,-0.9992,-0.38047
3.9761,-0.065877,-0.017789,0.055963,-0.015107
3.9377,0.013086,-0.04484,0.090997,-0.0057744
3.9784,-0.060152,-0.051138,0.013601,0.0052653
3.9377,0.013086,-0.04484,0.090997,-0.0057744
3.9327,0.013868,-0.0079797,0.093956,-0.019049
3.9771,-0.064769,0.45287,-1.0342,-0.38435
3.9331,0.009367,-0.012204,0.093907,-0.018261
3.9806,-0.069456,-0.021894,0.055751,-0.014325
3.9389,0.020528,-0.076084,0.055367,-0.010854
3.9761,-0.065877,-0.017789,0.055963,-0.015107
3.9327,0.013868,-0.0079797,0.093956,-0.019049
3.9761,-0.065877,-0.017789,0.055963,-0.015107
3.9719,-0.071209,0.48744,-0.9992,-0.38047
3.9761,-0.065877,-0.017789,0.055963,-0.015107
3.9327,0.013868,-0.0079797,0.093956,-0.019049
3.9761,-0.065877,-0.017789,0.055963,-0.015107
3.9761,-0.065877,-0.017789,0.055963,-0.015107
3.9379,0.020308,-0.042548,0.058998,-0.022933
2.8214,0.55159,-0.028915,0.074757,-0.0054801
2.8214,0.55159,-0.028915,0.074757,-0.0054801
3.9327,0.013868,-0.0079797,0.093956,-0.019049
3.9327,0.013868,-0.0079797,0.093956,-0.019049
3.9761,-0.065877,-0.017789,0.055963,-0.015107
3.9719,-0.071209,0.48744,-0.9992,-0.38047
3.9457,-0.13336,-0.053685,0.052657,-0.01432
3.9771,-0.064769,0.45287,-1.0342,-0.38435
3.9023,-0.053618,-0.043875,0.090651,-0.018261
3.9379,0.020308,-0.042548,0.058998,-0.022933
3.9457,-0.13336,-0.053685,0.052657,-0.01432
3.9771,-0.064769,0.45287,-1.0342,-0.38435
3.9761,-0.065877,-0.017789,0.055963,-0.015107
3.9719,-0.071209,0.48744,-0.9992,-0.38047
3.9813,-0.059437,-0.052357,0.021005,-0.018992
2.826,0.55803,-0.063484,0.039799,-0.0093646
3.9766,-0.070378,-0.022013,0.055913,-0.01432
3.9023,-0.053618,-0.043875,0.090651,-0.018261
2.826,0.55803,-0.063484,0.039799,-0.0093646
3.9763,-0.074909,-0.021802,0.060241,-0.014619
3.9719,-0.071209,0.48744,-0.9992,-0.38047
3.9811,-0.066659,-0.054649,0.053004,-0.0018328
3.9806,-0.069456,-0.021894,0.055751,-0.014325
3.9415,-0.1387,0.45154,-1.0025,-0.37968
3.9372,0.010289,-0.012085,0.093744,-0.018267
3.9761,-0.065877,-0.017789,0.055963,-0.015107
3.9719,-0.071209,0.48744,-0.9992,-0.38047
3.9813,-0.059437,-0.052357,0.021005,-0.018992
3.9389,0.020528,-0.076084,0.055367,-0.010854
2.818,0.56445,0.20605,0.37791,0.074924
3.9719,-0.071209,0.48744,-0.9992,-0.38047
3.9769,-0.071991,0.45058,-1.0022,-0.36719
3.9766,-0.070378,-0.022013,0.055913,-0.01432
3.9769,-0.071991,0.45058,-1.0022,-0.36719
3.9766,-0.070378,-0.022013,0.055913,-0.01432
3.9372,0.010289,-0.012085,0.093744,-0.018267
3.9719,-0.071209,0.48744,-0.9992,-0.38047
3.9813,-0.059437,-0.052357,0.021005,-0.018992
3.9761,-0.065877,-0.017789,0.055963,-0.015107
3.9327,0.013868,-0.0079797,0.093956,-0.019049
3.9761,-0.065877,-0.017789,0.055963,-0.015107
3.9723,-0.07571,0.48321,-0.99925,-0.37968
3.9372,0.010289,-0.012085,0.093744,-0.018267
3.9331,0.009367,-0.012204,0.093907,-0.018261
3.9806,-0.069456,-0.021894,0.055751,-0.014325
3.9719,-0.071209,0.48744,-0.9992,-0.38047
3.9761,-0.065877,-0.017789,0.055963,-0.015107
3.9719,-0.071209,0.48744,-0.9992,-0.38047
3.9761,-0.065877,-0.017789,0.055963,-0.015107
3.9719,-0.071209,0.48744,-0.9992,-0.38047
3.9806,-0.069456,-0.021894,0.055751,-0.014325
3.9719,-0.071209,0.48744,-0.9992,-0.38047
3.9327,0.013868,-0.0079797,0.093956,-0.019049
3.9766,-0.070378,-0.022013,0.055913,-0.01432
3.9764,-0.074788,0.48333,-0.99941,-0.37969
3.9766,-0.070378,-0.022013,0.055913,-0.01432
3.9389,0.020528,-0.076084,0.055367,-0.010854
3.9023,-0.053618,-0.043875,0.090651,-0.018261
3.9377,0.013086,-0.04484,0.090997,-0.0057744
3.9023,-0.053618,-0.043875,0.090651,-0.018261
3.9788,-0.060193,1.1661,-1.6399,-0.23163
3.9415,-0.1387,0.45154,-1.0025,-0.37968
3.9813,-0.059437,-0.052357,0.021005,-0.018992
3.9327,0.013868,-0.0079797,0.093956,-0.019049
2.8124,0.61327,0.09208,-0.048677,-0.030878
3.9331,0.009367,-0.012204,0.093907,-0.018261
3.9372,0.010289,-0.012085,0.093744,-0.018267
3.9723,-0.07571,0.48321,-0.99925,-0.37968
3.9327,0.013868,-0.0079797,0.093956,-0.019049
3.9415,-0.1387,0.45154,-1.0025,-0.37968
3.9719,-0.071209,0.48744,-0.9992,-0.38047
3.972,-0.080241,0.48342,-0.99492,-0.37998
3.9379,0.020308,-0.042548,0.058998,-0.022933
3.9023,-0.053618,-0.043875,0.090651,-0.018261
3.9327,0.013868,-0.0079797,0.093956,-0.019049
3.9719,-0.071209,0.48744,-0.9992,-0.38047
3.9719,-0.071209,0.48744,-0.9992,-0.38047
3.9761,-0.065877,-0.017789,0.055963,-0.015107
2.826,0.55803,-0.063484,0.039799,-0.0093646
3.9415,-0.1387,0.45154,-1.0025,-0.37968
3.9771,-0.064769,0.45287,-1.0342,-0.38435
3.9761,-0.065877,-0.017789,0.055963,-0.015107
3.9327,0.013868,-0.0079797,0.093956,-0.019049
2.6958,0.44009,-0.0016892,0.046073,-0.019729
2.8225,0.56182,0.24119,0.27004,0.04313
3.9761,-0.065877,-0.017789,0.055963,-0.015107
3.9761,-0.065877,-0.017789,0.055963,-0.015107
3.972,-0.080241,0.48342,-0.99492,-0.37998
3.9023,-0.053618,-0.043875,0.090651,-0.018261
3.9771,-0.064769,0.45287,-1.0342,-0.38435
3.9457,-0.13336,-0.053685,0.052657,-0.01432
3.9781,-0.06455,0.41933,-1.0378,-0.37227
3.9761,-0.065877,-0.017789,0.055963,-0.015107
3.9761,-0.065877,-0.017789,0.055963,-0.015107
3.9761,-0.065877,-0.017789,0.055963,-0.015107
3.9327,0.013868,-0.0079797,0.093956,-0.019049
3.9719,-0.071209,0.48744,-0.9992,-0.38047
3.9023,-0.053618,-0.043875,0.090651,-0.018261
4.0176,-0.15129,-0.027798,0.012927,-0.011285
3.9415,-0.1387,0.45154,-1.0025,-0.37968
3.9813,-0.059437,-0.052357,0.021005,-0.018992
3.9327,0.013868,-0.0079797,0.093956,-0.019049
3.9377,0.013086,-0.04484,0.090997,-0.0057744
3.9023,-0.053618,-0.043875,0.090651,-0.018261
3.9379,0.020308,-0.042548,0.058998,-0.022933
3.9719,-0.071209,0.48744,-0.9992,-0.38047
4.0176,-0.15129,-0.027798,0.012927,-0.011285
3.9761,-0.065877,-0.017789,0.055963,-0.015107
3.9389,0.020528,-0.076084,0.055367,-0.010854
3.9719,-0.071209,0.48744,-0.9992,-0.38047
3.9813,-0.059437,-0.052357,0.021005,-0.018992
3.9415,-0.1387,0.45154,-1.0025,-0.37968
3.9415,-0.1387,0.45154,-1.0025,-0.37968
3.9331,0.009367,-0.012204,0.093907,-0.018261
2.8214,0.55159,-0.028915,0.074757,-0.0054801
3.9719,-0.071209,0.48744,-0.9992,-0.38047
3.9327,0.013868,-0.0079797,0.093956,-0.019049
3.9327,0.013868,-0.0079797,0.093956,-0.019049
3.9761,-0.065877,-0.017789,0.055963,-0.015107
3.9763,-0.074909,-0.021802,0.060241,-0.014619
3.9457,-0.13336,-0.053685,0.052657,-0.01432
3.9813,-0.059437,-0.052357,0.021005,-0.018992
3.9457,-0.13336,-0.053685,0.052657,-0.01432
3.9328,0.0048364,-0.011993,0.098234,-0.01856
3.9415,-0.1387,0.45154,-1.0025,-0.37968
3.9761,-0.065877,-0.017789,0.055963,-0.015107
3.9415,-0.1387,0.45154,-1.0025,-0.37968
3.9327,0.013868,-0.0079797,0.093956,-0.019049
3.9761,-0.065877,-0.017789,0.055963,-0.015107
3.9719,-0.071209,0.48744,-0.9992,-0.38047
3.9761,-0.065877,-0.017789,0.055963,-0.015107
3.9761,-0.065877,-0.017789,0.055963,-0.015107
3.9813,-0.059437,-0.052357,0.021005,-0.018992
2.7962,0.4841,-0.064811,0.071452,-0.0046925
3.9327,0.013868,-0.0079797,0.093956,-0.019049
3.9457,-0.13336,-0.053685,0.052657,-0.01432
3.9761,-0.065877,-0.017789,0.055963,-0.015107
3.9761,-0.065877,-0.017789,0.055963,-0.015107
3.9719,-0.071209,0.48744,-0.9992,-0.38047
3.9763,-0.074909,-0.021802,0.060241,-0.014619
4.0181,-0.15579,-0.032023,0.012877,-0.010497
3.9764,-0.074788,0.48333,-0.99941,-0.37969
3.9327,0.013868,-0.0079797,0.093956,-0.019049
3.9813,-0.059437,-0.052357,0.021005,-0.018992
3.9457,-0.13336,-0.053685,0.052657,-0.01432
3.9379,0.020308,-0.042548,0.058998,-0.022933
3.9761,-0.065877,-0.017789,0.055963,-0.015107
3.9761,-0.065877,-0.017789,0.055963,-0.015107
3.9761,-0.065877,-0.017789,0.055963,-0.015107
3.9327,0.013868,-0.0079797,0.093956,-0.019049
3.9457,-0.13336,-0.053685,0.052657,-0.01432
3.9761,-0.065877,-0.017789,0.055963,-0.015107
3.9023,-0.053618,-0.043875,0.090651,-0.018261
3.9781,-0.06455,0.41933,-1.0378,-0.37227
2.7962,0.4841,-0.064811,0.071452,-0.0046925
3.9761,-0.065877,-0.017789,0.055963,-0.015107
3.9719,-0.071209,0.48744,-0.9992,-0.38047
3.9327,0.013868,-0.0079797,0.093956,-0.019049
3.9811,-0.066659,-0.054649,0.053004,-0.0018328
3.9771,-0.064769,0.45287,-1.0342,-0.38435
3.9761,-0.065877,-0.017789,0.055963,-0.015107
4.0176,-0.15129,-0.027798,0.012927,-0.011285
3.9771,-0.064769,0.45287,-1.0342,-0.38435
3.9327,0.013868,-0.0079797,0.093956,-0.019049
3.9719,-0.071209,0.48744,-0.9992,-0.38047
3.9761,-0.065877,-0.017789,0.055963,-0.015107
3.9719,-0.071209,0.48744,-0.9992,-0.38047
3.9327,0.013868,-0.0079797,0.093956,-0.019049
3.9761,-0.065877,-0.017789,0.055963,-0.015107
3.9771,-0.064769,0.45287,-1.0342,-0.38435
2.8214,0.55159,-0.028915,0.074757,-0.0054801
3.9764,-0.074788,0.48333,-0.99941,-0.37969
3.9331,0.009367,-0.012204,0.093907,-0.018261
3.9813,-0.059437,-0.052357,0.021005,-0.018992
3.9327,0.013868,-0.0079797,0.093956,-0.019049
3.9761,-0.065877,-0.017789,0.055963,-0.015107
3.9811,-0.066659,-0.054649,0.053004,-0.0018328
3.9457,-0.13336,-0.053685,0.052657,-0.01432
3.9771,-0.064769,0.45287,-1.0342,-0.38435
3.9415,-0.1387,0.45154,-1.0025,-0.37968
3.9327,0.013868,-0.0079797,0.093956,-0.019049
3.9719,-0.071209,0.48744,-0.9992,-0.38047
3.9766,-0.070378,-0.022013,0.055913,-0.01432
3.9379,0.020308,-0.042548,0.058998,-0.022933
3.9813,-0.059437,-0.052357,0.021005,-0.018992
3.9023,-0.053618,-0.043875,0.090651,-0.018261
2.6924,0.44093,0.47716,0.85855,-0.14911
3.9457,-0.13336,-0.053685,0.052657,-0.01432
3.9761,-0.065877,-0.017789,0.055963,-0.015107
3.9766,-0.070378,-0.022013,0.055913,-0.01432
4.0226,-0.15207,-0.064658,0.0099679,0.0019897
3.9327,0.013868,-0.0079797,0.093956,-0.019049
3.9761,-0.065877,-0.017789,0.055963,-0.015107
3.9457,-0.13336,-0.053685,0.052657,-0.01432
3.9719,-0.071209,0.48744,-0.9992,-0.38047
2.8177,0.55088,0.27153,0.30495,0.047802
3.9327,0.013868,-0.0079797,0.093956,-0.019049
3.9457,-0.13336,-0.053685,0.052657,-0.01432
3.9813,-0.059437,-0.052357,0.021005,-0.018992
3.9327,0.013868,-0.0079797,0.093956,-0.019049
4.0226,-0.15207,-0.064658,0.0099679,0.0019897
3.9457,-0.13336,-0.053685,0.052657,-0.01432
3.9327,0.013868,-0.0079797,0.093956,-0.019049
3.9327,0.013868,-0.0079797,0.093956,-0.019049
3.9327,0.013868,-0.0079797,0.093956,-0.019049
3.9813,-0.059437,-0.052357,0.021005,-0.018992
3.9023,-0.053618,-0.043875,0.090651,-0.018261
3.9811,-0.066659,-0.054649,0.053004,-0.0018328
3.94,-0.14104,0.4183,-1.0407,-0.36036
3.9813,-0.059437,-0.052357,0.021005,-0.018992
3.9331,0.009367,-0.012204,0.093907,-0.018261
3.9719,-0.071209,0.48744,-0.9992,-0.38047
3.9813,-0.059437,-0.052357,0.021005,-0.018992
3.9761,-0.065877,-0.017789,0.055963,-0.015107
2.8218,0.56043,0.16146,0.30518,0.033566
3.9415,-0.1387,0.45154,-1.0025,-0.37968
3.9771,-0.064769,0.45287,-1.0342,-0.38435
3.9719,-0.071209,0.48744,-0.9992,-0.38047
3.9327,0.013868,-0.0079797,0.093956,-0.019049
3.9761,-0.065877,-0.017789,0.055963,-0.015107
3.9761,-0.065877,-0.017789,0.055963,-0.015107
3.9457,-0.13336,-0.053685,0.052657,-0.01432
3.9806,-0.069456,-0.021894,0.055751,-0.014325
3.9457,-0.13336,-0.053685,0.052657,-0.01432
2.8264,0.56687,0.12689,0.27022,0.029682
2.8147,0.61158,0.28455,0.36127,0.072438
3.9761,-0.065877,-0.017789,0.055963,-0.015107
3.9327,0.013868,-0.0079797,0.093956,-0.019049
3.972,-0.080241,0.48342,-0.99492,-0.37998
3.9813,-0.059437,-0.052357,0.021005,-0.018992
3.9457,-0.13336,-0.053685,0.052657,-0.01432
2.8274,0.52737,-0.099543,0.1326,-0.0024348
3.9761,-0.065877,-0.017789,0.055963,-0.015107
3.9813,-0.059437,-0.052357,0.021005,-0.018992
3.9289,0.0098997,-0.079959,0.02037,-0.0033885
3.9023,-0.053618,-0.043875,0.090651,-0.018261
3.9813,-0.059437,-0.052357,0.021005,-0.018992
3.9457,-0.13336,-0.053685,0.052657,-0.01432
3.9327,0.013868,-0.0079797,0.093956,-0.019049
2.7292,0.36034,-0.011498,0.0080802,-0.015788
3.9457,-0.13336,-0.053685,0.052657,-0.01432
2.7962,0.4841,-0.064811,0.071452,-0.0046925
3.9784,-0.060152,-0.051138,0.013601,0.0052653
3.9761,-0.065877,-0.017789,0.055963,-0.015107
3.9761,-0.065877,-0.017789,0.055963,-0.015107
3.9761,-0.065877,-0.017789,0.055963,-0.015107
3.9761,-0.065877,-0.017789,0.055963,-0.015107
3.9741,-0.065484,0.45409,-1.0416,-0.3601
3.9457,-0.13336,-0.053685,0.052657,-0.01432
3.9327,0.013868,-0.0079797,0.093956,-0.019049
3.9457,-0.13336,-0.053685,0.052657,-0.01432
3.9457,-0.13336,-0.053685,0.052657,-0.01432
3.9771,-0.064769,0.45287,-1.0342,-0.38435
3.9457,-0.13336,-0.053685,0.052657,-0.01432
3.9327,0.013868,-0.0079797,0.093956,-0.019049
3.9761,-0.065877,-0.017789,0.055963,-0.015107
3.9761,-0.065877,-0.017789,0.055963,-0.015107
3.9331,0.009367,-0.012204,0.093907,-0.018261
4.0176,-0.15129,-0.027798,0.012927,-0.011285
3.9761,-0.065877,-0.017789,0.055963,-0.015107
2.8214,0.55159,-0.028915,0.074757,-0.0054801
3.9761,-0.065877,-0.017789,0.055963,-0.015107
2.5925,0.97865,0.45622,0.83935,-0.13554
3.9337,0.012293,-0.044984,0.091103,-0.0057593
3.9457,-0.13336,-0.053685,0.052657,-0.01432
3.9389,0.020528,-0.076084,0.055367,-0.010854
3.9415,-0.1387,0.45154,-1.0025,-0.37968
3.9813,-0.059437,-0.052357,0.021005,-0.018992
3.9761,-0.065877,-0.017789,0.055963,-0.015107
3.9813,-0.059437,-0.052357,0.021005,-0.018992
3.9457,-0.13336,-0.053685,0.052657,-0.01432
3.9771,-0.064769,0.45287,-1.0342,-0.38435
4.0181,-0.15579,-0.032023,0.012877,-0.010497
3.9389,0.020528,-0.076084,0.055367,-0.010854
3.9457,-0.13336,-0.053685,0.052657,-0.01432
3.9769,-0.071991,0.45058,-1.0022,-0.36719
3.9766,-0.070378,-0.022013,0.055913,-0.01432
3.9769,-0.071991,0.45058,-1.0022,-0.36719
4.0181,-0.15579,-0.032023,0.012877,-0.010497
3.9389,0.020528,-0.076084,0.055367,-0.010854
3.9761,-0.065877,-0.017789,0.055963,-0.015107
3.9457,-0.13336,-0.053685,0.052657,-0.01432
3.9761,-0.065877,-0.017789,0.055963,-0.015107
3.9327,0.013868,-0.0079797,0.093956,-0.019049
3.9761,-0.065877,-0.017789,0.055963,-0.015107
3.9023,-0.053618,-0.043875,0.090651,-0.018261
2.826,0.55803,-0.063484,0.039799,-0.0093646
3.9023,-0.053618,-0.043875,0.090651,-0.018261
3.9831,-0.054861,0.6609,-0.58472,0.13373
3.9023,-0.053618,-0.043875,0.090651,-0.018261
3.9811,-0.066659,-0.054649,0.053004,-0.0018328
3.9766,-0.070378,-0.022013,0.055913,-0.01432
3.9719,-0.071209,0.48744,-0.9992,-0.38047
3.9457,-0.13336,-0.053685,0.052657,-0.01432
3.9023,-0.053618,-0.043875,0.090651,-0.018261
3.9327,0.013868,-0.0079797,0.093956,-0.019049
3.9327,0.013868,-0.0079797,0.093956,-0.019049
3.9457,-0.13336,-0.053685,0.052657,-0.01432
3.9761,-0.065877,-0.017789,0.055963,-0.015107
3.9457,-0.13336,-0.053685,0.052657,-0.01432
3.9761,-0.065877,-0.017789,0.055963,-0.015107
3.9415,-0.1387,0.45154,-1.0025,-0.37968
3.9377,0.013086,-0.04484,0.090997,-0.0057744
3.9023,-0.053618,-0.043875,0.090651,-0.018261
3.9761,-0.065877,-0.017789,0.055963,-0.015107
3.9761,-0.065877,-0.017789,0.055963,-0.015107
3.9761,-0.065877,-0.017789,0.055963,-0.015107
3.9457,-0.13336,-0.053685,0.052657,-0.01432
3.9415,-0.1387,0.45154,-1.0025,-0.37968
3.9457,-0.13336,-0.053685,0.052657,-0.01432
3.972,-0.080241,0.48342,-0.99492,-0.37998
3.9761,-0.065877,-0.017789,0.055963,-0.015107
3.9761,-0.065877,-0.017789,0.055963,-0.015107
3.9771,-0.064769,0.45287,-1.0342,-0.38435
3.9457,-0.13336,-0.053685,0.052657,-0.01432
3.9327,0.013868,-0.0079797,0.093956,-0.019049
3.9723,-0.07571,0.48321,-0.99925,-0.37968
2.5925,0.97865,0.45622,0.83935,-0.13554
3.9457,-0.13336,-0.053685,0.052657,-0.01432
3.9761,-0.065877,-0.017789,0.055963,-0.015107
3.9761,-0.065877,-0.017789,0.055963,-0.015107
3.9415,-0.1387,0.45154,-1.0025,-0.37968
3.9415,-0.1387,0.45154,-1.0025,-0.37968
3.9761,-0.065877,-0.017789,0.055963,-0.015107
3.9415,-0.1387,0.45154,-1.0025,-0.37968
3.9719,-0.071209,0.48744,-0.9992,-0.38047
4.0176,-0.15129,-0.027798,0.012927,-0.011285
3.9761,-0.065877,-0.017789,0.055963,-0.015107
3.9457,-0.13336,-0.053685,0.052657,-0.01432
3.9761,-0.065877,-0.017789,0.055963,-0.015107
3.9761,-0.065877,-0.017789,0.055963,-0.015107
3.9457,-0.13336,-0.053685,0.052657,-0.01432
3.9719,-0.071209,0.48744,-0.9992,-0.38047
3.9457,-0.13336,-0.053685,0.052657,-0.01432
3.9327,0.013868,-0.0079797,0.093956,-0.019049
3.9457,-0.13336,-0.053685,0.052657,-0.01432
3.9813,-0.059437,-0.052357,0.021005,-0.018992
3.9766,-0.070378,-0.022013,0.055913,-0.01432
3.9761,-0.065877,-0.017789,0.055963,-0.015107
3.9457,-0.13336,-0.053685,0.052657,-0.01432
3.9415,-0.1387,0.45154,-1.0025,-0.37968
3.9457,-0.13336,-0.053685,0.052657,-0.01432
3.9719,-0.071209,0.48744,-0.9992,-0.38047
3.9761,-0.065877,-0.017789,0.055963,-0.015107
3.9023,-0.053618,-0.043875,0.090651,-0.018261
3.9761,-0.065877,-0.017789,0.055963,-0.015107
3.9813,-0.059437,-0.052357,0.021005,-0.018992
3.9457,-0.13336,-0.053685,0.052657,-0.01432
3.9813,-0.059437,-0.052357,0.021005,-0.018992
3.9871,-0.21877,-0.063694,0.009621,-0.010497
2.7966,0.49294,0.12556,0.30188,0.034354
3.9761,-0.065877,-0.017789,0.055963,-0.015107
3.9771,-0.067452,-0.054793,0.05311,-0.0018177
3.9719,-0.071209,0.48744,-0.9992,-0.38047
3.9766,-0.070378,-0.022013,0.055913,-0.01432
3.9457,-0.13336,-0.053685,0.052657,-0.01432
3.9761,-0.065877,-0.017789,0.055963,-0.015107
3.9457,-0.13336,-0.053685,0.052657,-0.01432
3.9813,-0.059437,-0.052357,0.021005,-0.018992
3.9731,-0.065462,0.45278,-1.0341,-0.38437
3.9719,-0.071209,0.48744,-0.9992,-0.38047
3.9761,-0.065877,-0.017789,0.055963,-0.015107
3.9331,0.009367,-0.012204,0.093907,-0.018261
3.9457,-0.13336,-0.053685,0.052657,-0.01432
2.8214,0.55159,-0.028915,0.074757,-0.0054801
3.9766,-0.070378,-0.022013,0.055913,-0.01432
3.9327,0.013868,-0.0079797,0.093956,-0.019049
3.9766,-0.070378,-0.022013,0.055913,-0.01432
4.0176,-0.15129,-0.027798,0.012927,-0.011285
3.9719,-0.071209,0.48744,-0.9992,-0.38047
3.9457,-0.13336,-0.053685,0.052657,-0.01432
3.9457,-0.13336,-0.053685,0.052657,-0.01432
3.9457,-0.13336,-0.053685,0.052657,-0.01432
3.9457,-0.13336,-0.053685,0.052657,-0.01432
2.7962,0.4841,-0.064811,0.071452,-0.0046925
3.9761,-0.065877,-0.017789,0.055963,-0.015107
3.9766,-0.070378,-0.022013,0.055913,-0.01432
3.9761,-0.065877,-0.017789,0.055963,-0.015107
3.9761,-0.065877,-0.017789,0.055963,-0.015107
3.9761,-0.065877,-0.017789,0.055963,-0.015107
3.9357,0.024197,0.66871,-0.54715,0.1292
3.9761,-0.065877,-0.017789,0.055963,-0.015107
3.9023,-0.053618,-0.043875,0.090651,-0.018261
3.9457,-0.13336,-0.053685,0.052657,-0.01432
3.9415,-0.1387,0.45154,-1.0025,-0.37968
3.9761,-0.065877,-0.017789,0.055963,-0.015107
3.9023,-0.053618,-0.043875,0.090651,-0.018261
3.9761,-0.065877,-0.017789,0.055963,-0.015107
3.9457,-0.13336,-0.053685,0.052657,-0.01432
3.9457,-0.13336,-0.053685,0.052657,-0.01432
2.7962,0.4841,-0.064811,0.071452,-0.0046925
3.9457,-0.13336,-0.053685,0.052657,-0.01432
3.9761,-0.065877,-0.017789,0.055963,-0.015107
3.9738,-0.19014,-0.08061,0.040905,-0.030636
3.9457,-0.13336,-0.053685,0.052657,-0.01432
3.9415,-0.1387,0.45154,-1.0025,-0.37968
3.9457,-0.13336,-0.053685,0.052657,-0.01432
3.9457,-0.13336,-0.053685,0.052657,-0.01432
3.9761,-0.065877,-0.017789,0.055963,-0.015107
3.9761,-0.065877,-0.017789,0.055963,-0.015107
3.9761,-0.065877,-0.017789,0.055963,-0.015107
3.9457,-0.13336,-0.053685,0.052657,-0.01432
3.9415,-0.1387,0.45154,-1.0025,-0.37968
3.9761,-0.065877,-0.017789,0.055963,-0.015107
3.9766,-0.070378,-0.022013,0.055913,-0.01432
3.9761,-0.065877,-0.017789,0.055963,-0.015107
3.9327,0.013868,-0.0079797,0.093956,-0.019049
3.9457,-0.13336,-0.053685,0.052657,-0.01432
3.9719,-0.071209,0.48744,-0.9992,-0.38047
3.9766,-0.070378,-0.022013,0.055913,-0.01432
3.9761,-0.065877,-0.017789,0.055963,-0.015107
3.9766,-0.070378,-0.022013,0.055913,-0.01432
3.9327,0.013868,-0.0079797,0.093956,-0.019049
3.9023,-0.053618,-0.043875,0.090651,-0.018261
3.9761,-0.065877,-0.017789,0.055963,-0.015107
3.9457,-0.13336,-0.053685,0.052657,-0.01432
3.9457,-0.13336,-0.053685,0.052657,-0.01432
3.9457,-0.13336,-0.053685,0.052657,-0.01432
3.9457,-0.13336,-0.053685,0.052657,-0.01432
3.9457,-0.13336,-0.053685,0.052657,-0.01432
2.597,0.97781,-0.022625,0.026874,-0.0061609
3.9761,-0.065877,-0.017789,0.055963,-0.015107
3.9761,-0.065877,-0.017789,0.055963,-0.015107
3.9023,-0.053618,-0.043875,0.090651,-0.018261
3.9457,-0.13336,-0.053685,0.052657,-0.01432
3.9761,-0.065877,-0.017789,0.055963,-0.015107
3.9457,-0.13336,-0.053685,0.052657,-0.01432
3.9327,0.013868,-0.0079797,0.093956,-0.019049
3.9415,-0.1387,0.45154,-1.0025,-0.37968
3.9761,-0.065877,-0.017789,0.055963,-0.015107
3.9457,-0.13336,-0.053685,0.052657,-0.01432
3.9457,-0.13336,-0.053685,0.052657,-0.01432
3.9457,-0.13336,-0.053685,0.052657,-0.01432
3.9457,-0.13336,-0.053685,0.052657,-0.01432
3.9457,-0.13336,-0.053685,0.052657,-0.01432
3.9457,-0.13336,-0.053685,0.052657,-0.01432
3.9457,-0.13336,-0.053685,0.052657,-0.01432
3.9761,-0.065877,-0.017789,0.055963,-0.015107
2.7292,0.36034,-0.011498,0.0080802,-0.015788
3.9761,-0.065877,-0.017789,0.055963,-0.015107
3.9766,-0.070378,-0.022013,0.055913,-0.01432
3.9766,-0.070378,-0.022013,0.055913,-0.01432
3.9761,-0.065877,-0.017789,0.055963,-0.015107
3.9457,-0.13336,-0.053685,0.052657,-0.01432
3.9457,-0.13336,-0.053685,0.052657,-0.01432
3.9761,-0.065877,-0.017789,0.055963,-0.015107
3.9457,-0.13336,-0.053685,0.052657,-0.01432
3.9761,-0.065877,-0.017789,0.055963,-0.015107
3.9766,-0.070378,-0.022013,0.055913,-0.01432
3.9415,-0.1387,0.45154,-1.0025,-0.37968
3.9738,-0.19014,-0.08061,0.040905,-0.030636
3.9761,-0.065877,-0.017789,0.055963,-0.015107
3.9766,-0.070378,-0.022013,0.055913,-0.01432
3.9761,-0.065877,-0.017789,0.055963,-0.015107
3.9766,-0.070378,-0.022013,0.055913,-0.01432
2.7962,0.4841,-0.064811,0.071452,-0.0046925
3.9023,-0.053618,-0.043875,0.090651,-0.018261
3.9766,-0.070378,-0.022013,0.055913,-0.01432
3.9761,-0.065877,-0.017789,0.055963,-0.015107
3.9766,-0.070378,-0.022013,0.055913,-0.01432
3.9761,-0.065877,-0.017789,0.055963,-0.015107
3.9761,-0.065877,-0.017789,0.055963,-0.015107
3.9766,-0.070378,-0.022013,0.055913,-0.01432
3.9457,-0.13336,-0.053685,0.052657,-0.01432
3.9791,-0.055549,0.6589,-0.58515,0.13315
2.826,0.55803,-0.063484,0.039799,-0.0093646
3.9457,-0.13336,-0.053685,0.052657,-0.01432
3.9023,-0.053618,-0.043875,0.090651,-0.018261
3.9457,-0.13336,-0.053685,0.052657,-0.01432
3.9457,-0.13336,-0.053685,0.052657,-0.01432
3.9766,-0.070378,-0.022013,0.055913,-0.01432
3.9415,-0.1387,0.45154,-1.0025,-0.37968
3.9761,-0.065877,-0.017789,0.055963,-0.015107
4.0308,-0.17962,0.00047679,0.029028,-0.007469
3.9457,-0.13336,-0.053685,0.052657,-0.01432
3.9871,-0.21877,-0.063694,0.009621,-0.010497
3.9457,-0.13336,-0.053685,0.052657,-0.01432
3.9457,-0.13336,-0.053685,0.052657,-0.01432
3.9766,-0.070378,-0.022013,0.055913,-0.01432
3.9761,-0.065877,-0.017789,0.055963,-0.015107
3.9457,-0.13336,-0.053685,0.052657,-0.01432
3.9738,-0.19014,-0.08061,0.040905,-0.030636
3.9766,-0.070378,-0.022013,0.055913,-0.01432
3.9766,-0.070378,-0.022013,0.055913,-0.01432
3.9457,-0.13336,-0.053685,0.052657,-0.01432
3.9766,-0.070378,-0.022013,0.055913,-0.01432
3.9457,-0.13336,-0.053685,0.052657,-0.01432
3.9457,-0.13336,-0.053685,0.052657,-0.01432
3.9457,-0.13336,-0.053685,0.052657,-0.01432
3.9766,-0.070378,-0.022013,0.055913,-0.01432
3.9457,-0.13336,-0.053685,0.052657,-0.01432
3.9457,-0.13336,-0.053685,0.052657,-0.01432
3.9457,-0.13336,-0.053685,0.052657,-0.01432
3.9457,-0.13336,-0.053685,0.052657,-0.01432
3.9457,-0.13336,-0.053685,0.052657,-0.01432
3.9457,-0.13336,-0.053685,0.052657,-0.01432
3.9766,-0.070378,-0.022013,0.055913,-0.01432
3.9023,-0.053618,-0.043875,0.090651,-0.018261
3.9457,-0.13336,-0.053685,0.052657,-0.01432
3.9457,-0.13336,-0.053685,0.052657,-0.01432
3.9457,-0.13336,-0.053685,0.052657,-0.01432
3.9761,-0.065877,-0.017789,0.055963,-0.015107
3.9766,-0.070378,-0.022013,0.055913,-0.01432
3.9457,-0.13336,-0.053685,0.052657,-0.01432
3.9766,-0.070378,-0.022013,0.055913,-0.01432
3.9761,-0.065877,-0.017789,0.055963,-0.015107
3.9761,-0.065877,-0.017789,0.055963,-0.015107
3.9766,-0.070378,-0.022013,0.055913,-0.01432
3.9761,-0.065877,-0.017789,0.055963,-0.015107
3.9816,-0.079233,-0.0036542,0.031288,-0.021047
3.9457,-0.13336,-0.053685,0.052657,-0.01432
3.9457,-0.13336,-0.053685,0.052657,-0.01432
3.9457,-0.13336,-0.053685,0.052657,-0.01432
3.9766,-0.070378,-0.022013,0.055913,-0.01432
3.9457,-0.13336,-0.053685,0.052657,-0.01432
3.9415,-0.1387,0.45154,-1.0025,-0.37968
3.9761,-0.065877,-0.017789,0.055963,-0.015107
3.9766,-0.070378,-0.022013,0.055913,-0.01432
3.9766,-0.070378,-0.022013,0.055913,-0.01432
3.9457,-0.13336,-0.053685,0.052657,-0.01432
3.9766,-0.070378,-0.022013,0.055913,-0.01432
3.9457,-0.13336,-0.053685,0.052657,-0.01432
3.9766,-0.070378,-0.022013,0.055913,-0.01432
3.9761,-0.065877,-0.017789,0.055963,-0.015107
3.9761,-0.065877,-0.017789,0.055963,-0.015107
3.889,-0.030133,-0.066497,0.076002,-0.02094
3.9457,-0.13336,-0.053685,0.052657,-0.01432
3.9766,-0.070378,-0.022013,0.055913,-0.01432
3.9457,-0.13336,-0.053685,0.052657,-0.01432
3.9457,-0.13336,-0.053685,0.052657,-0.01432
3.9457,-0.13336,-0.053685,0.052657,-0.01432
3.9761,-0.065877,-0.017789,0.055963,-0.015107
3.9457,-0.13336,-0.053685,0.052657,-0.01432
3.9457,-0.13336,-0.053685,0.052657,-0.01432
3.9457,-0.13336,-0.053685,0.052657,-0.01432
3.9766,-0.070378,-0.022013,0.055913,-0.01432
3.9761,-0.065877,-0.017789,0.055963,-0.015107
3.9457,-0.13336,-0.053685,0.052657,-0.01432
3.9457,-0.13336,-0.053685,0.052657,-0.01432
3.9766,-0.070378,-0.022013,0.055913,-0.01432
3.9457,-0.13336,-0.053685,0.052657,-0.01432
3.9457,-0.13336,-0.053685,0.052657,-0.01432
3.9766,-0.070378,-0.022013,0.055913,-0.01432
3.9457,-0.13336,-0.053685,0.052657,-0.01432
3.9457,-0.13336,-0.053685,0.052657,-0.01432
3.9457,-0.13336,-0.053685,0.052657,-0.01432
3.9761,-0.065877,-0.017789,0.055963,-0.015107
3.9457,-0.13336,-0.053685,0.052657,-0.01432
3.9457,-0.13336,-0.053685,0.052657,-0.01432
3.9791,-0.055549,0.6589,-0.58515,0.13315
3.9457,-0.13336,-0.053685,0.052657,-0.01432
2.7258,0.36119,0.46735,0.82056,-0.14517
3.9457,-0.13336,-0.053685,0.052657,-0.01432
3.9457,-0.13336,-0.053685,0.052657,-0.01432
3.9457,-0.13336,-0.053685,0.052657,-0.01432
3.9871,-0.21877,-0.063694,0.009621,-0.010497
3.9766,-0.070378,-0.022013,0.055913,-0.01432
3.9761,-0.065877,-0.017789,0.055963,-0.015107
3.9761,-0.065877,-0.017789,0.055963,-0.015107
3.9457,-0.13336,-0.053685,0.052657,-0.01432
3.9457,-0.13336,-0.053685,0.052657,-0.01432
3.9457,-0.13336,-0.053685,0.052657,-0.01432
3.9457,-0.13336,-0.053685,0.052657,-0.01432
3.9457,-0.13336,-0.053685,0.052657,-0.01432
3.9766,-0.070378,-0.022013,0.055913,-0.01432
2.7966,0.49294,0.12556,0.30188,0.034354
3.9766,-0.070378,-0.022013,0.055913,-0.01432
3.9457,-0.13336,-0.053685,0.052657,-0.01432
3.9457,-0.13336,-0.053685,0.052657,-0.01432
3.9766,-0.070378,-0.022013,0.055913,-0.01432
3.9457,-0.13336,-0.053685,0.052657,-0.01432
3.9457,-0.13336,-0.053685,0.052657,-0.01432
3.9457,-0.13336,-0.053685,0.052657,-0.01432
3.9766,-0.070378,-0.022013,0.055913,-0.01432
3.9457,-0.13336,-0.053685,0.052657,-0.01432
3.9457,-0.13336,-0.053685,0.052657,-0.01432
3.9457,-0.13336,-0.053685,0.052657,-0.01432
3.9457,-0.13336,-0.053685,0.052657,-0.01432
3.9766,-0.070378,-0.022013,0.055913,-0.01432
3.9457,-0.13336,-0.053685,0.052657,-0.01432
3.9457,-0.13336,-0.053685,0.052657,-0.01432
3.9457,-0.13336,-0.053685,0.052657,-0.01432
3.9875,-0.094039,0.0038224,0.071828,-0.010594
3.9457,-0.13336,-0.053685,0.052657,-0.01432
3.9457,-0.13336,-0.053685,0.052657,-0.01432
3.9457,-0.13336,-0.053685,0.052657,-0.01432
3.9766,-0.070378,-0.022013,0.055913,-0.01432
3.9457,-0.13336,-0.053685,0.052657,-0.01432
4.0186,-0.15286,-0.064802,0.010073,0.0020048
4.0137,-0.16125,-0.03193,0.017374,-0.010789
3.9761,-0.065877,-0.017789,0.055963,-0.015107
3.9771,-0.067452,-0.054793,0.05311,-0.0018177
3.9813,-0.059437,-0.052357,0.021005,-0.018992
3.9766,-0.070378,-0.022013,0.055913,-0.01432
3.9331,0.009367,-0.012204,0.093907,-0.018261
3.9761,-0.065877,-0.017789,0.055963,-0.015107
3.9871,-0.21877,-0.063694,0.009621,-0.010497
3.9766,-0.070378,-0.022013,0.055913,-0.01432
3.9331,0.009367,-0.012204,0.093907,-0.018261
3.9457,-0.13336,-0.053685,0.052657,-0.01432
3.9771,-0.067452,-0.054793,0.05311,-0.0018177
3.9457,-0.13336,-0.053685,0.052657,-0.01432
3.9457,-0.13336,-0.053685,0.052657,-0.01432
3.9415,-0.1387,0.45154,-1.0025,-0.37968
3.9457,-0.13336,-0.053685,0.052657,-0.01432
3.9457,-0.13336,-0.053685,0.052657,-0.01432
3.9766,-0.070378,-0.022013,0.055913,-0.01432
3.9444,-0.13427,-0.085106,0.051557,-0.0022717
3.9766,-0.070378,-0.022013,0.055913,-0.01432
4.0181,-0.15579,-0.032023,0.012877,-0.010497
3.9457,-0.13336,-0.053685,0.052657,-0.01432
3.9457,-0.13336,-0.053685,0.052657,-0.01432
3.9761,-0.065877,-0.017789,0.055963,-0.015107
3.9457,-0.13336,-0.053685,0.052657,-0.01432
3.9761,-0.065877,-0.017789,0.055963,-0.015107
3.9457,-0.13336,-0.053685,0.052657,-0.01432
3.9457,-0.13336,-0.053685,0.052657,-0.01432
3.9457,-0.13336,-0.053685,0.052657,-0.01432
3.9766,-0.070378,-0.022013,0.055913,-0.01432
3.9457,-0.13336,-0.053685,0.052657,-0.01432
3.9457,-0.13336,-0.053685,0.052657,-0.01432
3.9457,-0.13336,-0.053685,0.052657,-0.01432
3.9766,-0.070378,-0.022013,0.055913,-0.01432
3.9761,-0.065877,-0.017789,0.055963,-0.015107
3.9723,-0.07571,0.48321,-0.99925,-0.37968
3.9761,-0.065877,-0.017789,0.055963,-0.015107
3.9766,-0.070378,-0.022013,0.055913,-0.01432
3.9457,-0.13336,-0.053685,0.052657,-0.01432
3.9761,-0.065877,-0.017789,0.055963,-0.015107
3.9766,-0.070378,-0.022013,0.055913,-0.01432
3.9766,-0.070378,-0.022013,0.055913,-0.01432
3.9791,-0.055549,0.6589,-0.58515,0.13315
3.9566,-0.15702,-0.027849,0.068572,-0.010594
3.9457,-0.13336,-0.053685,0.052657,-0.01432
3.9566,-0.15702,-0.027849,0.068572,-0.010594
3.9457,-0.13336,-0.053685,0.052657,-0.01432
3.9457,-0.13336,-0.053685,0.052657,-0.01432
3.9512,-0.14672,-0.03955,0.027982,-0.020259
3.9766,-0.070378,-0.022013,0.055913,-0.01432
3.9457,-0.13336,-0.053685,0.052657,-0.01432
3.9766,-0.070378,-0.022013,0.055913,-0.01432
3.9457,-0.13336,-0.053685,0.052657,-0.01432
3.9566,-0.15702,-0.027849,0.068572,-0.010594
4.0389,-0.19639,0.0092582,0.0025623,-0.013788
3.9766,-0.070378,-0.022013,0.055913,-0.01432
3.9457,-0.13336,-0.053685,0.052657,-0.01432
3.9766,-0.070378,-0.022013,0.055913,-0.01432
3.9457,-0.13336,-0.053685,0.052657,-0.01432
3.9457,-0.13336,-0.053685,0.052657,-0.01432
3.9457,-0.13336,-0.053685,0.052657,-0.01432
3.9457,-0.13336,-0.053685,0.052657,-0.01432
3.9761,-0.065877,-0.017789,0.055963,-0.015107
3.9771,-0.067452,-0.054793,0.05311,-0.0018177
3.9457,-0.13336,-0.053685,0.052657,-0.01432
3.9512,-0.14672,-0.03955,0.027982,-0.020259
3.9457,-0.13336,-0.053685,0.052657,-0.01432
3.9766,-0.070378,-0.022013,0.055913,-0.01432
3.9457,-0.13336,-0.053685,0.052657,-0.01432
3.9457,-0.13336,-0.053685,0.052657,-0.01432
3.9771,-0.067452,-0.054793,0.05311,-0.0018177
3.9774,-0.06013,-0.052442,0.021082,-0.019005
3.9457,-0.13336,-0.053685,0.052657,-0.01432
3.9766,-0.070378,-0.022013,0.055913,-0.01432
3.9761,-0.065877,-0.017789,0.055963,-0.015107
3.9791,-0.055549,0.6589,-0.58515,0.13315
3.9457,-0.13336,-0.053685,0.052657,-0.01432
3.9791,-0.055549,0.6589,-0.58515,0.13315
3.9457,-0.13336,-0.053685,0.052657,-0.01432
3.9457,-0.13336,-0.053685,0.052657,-0.01432
2.7966,0.49294,0.12556,0.30188,0.034354
3.9457,-0.13336,-0.053685,0.052657,-0.01432
3.9457,-0.13336,-0.053685,0.052657,-0.01432
3.99,-0.079209,0.68474,-0.56923,0.13687
