Aruco_ID,Cam_ID,Time,X,Y,Z,x_rot,y_rot,z_rot,Aruco_ID,Cam_ID,Time,X,Y,Z,x_rot,y_rot,z_rot
20,0,0,0,0,0,0,0,0,23,0,0,0,0,0,0,0,0
20,0,0,0,0,0,0,0,0,23,8,0,3.8488260763380215,6.066022452817149,1.1315835762407636,0.07724379582046226,-0.02736444774766558,-0.06204803660090218
20,0,0,0,0,0,0,0,0,23,8,0.008301019668579102,3.8488260763380215,6.066022452817149,1.1315835762407636,0.07724379582046226,-0.02736444774766558,-0.06204803660090218
20,0,0,0,0,0,0,0,0,23,8,0.4905076026916504,3.8482226022032564,6.069754405920989,1.1221396059272726,0.06519444352171215,-0.003923176133649834,-0.05860960909458123
20,0,0,0,0,0,0,0,0,23,8,0.937349796295166,3.8488260763380215,6.066022452817149,1.1315835762407636,0.07724379582046226,-0.02736444774766558,-0.06204803660090218
20,0,0,0,0,0,0,0,0,23,8,1.3812282085418701,3.8482226022032564,6.069754405920989,1.1221396059272726,0.06519444352171215,-0.003923176133649834,-0.05860960909458123
20,0,0,0,0,0,0,0,0,23,8,1.8655295372009277,3.8482226022032564,6.069754405920989,1.1221396059272726,0.06519444352171215,-0.003923176133649834,-0.05860960909458123
20,0,0,0,0,0,0,0,0,23,8,2.3209149837493896,3.8456693909019037,6.079888807349166,1.1015757560997907,0.08084350156322687,-0.023626922167195974,-0.06885854204428765
20,0,0,0,0,0,0,0,0,23,8,2.77702260017395,3.8482226022032564,6.069754405920989,1.1221396059272726,0.06519444352171215,-0.003923176133649834,-0.05860960909458123
20,0,0,0,0,0,0,0,0,23,8,3.237438201904297,3.845207993415594,6.0849036028448005,1.093604548003687,0.06835633320685562,-0.0054479178472804325,-0.06685969450413685
20,0,0,0,0,0,0,0,0,23,8,3.698668956756592,3.845207993415594,6.0849036028448005,1.093604548003687,0.06835633320685562,-0.0054479178472804325,-0.06685969450413685
20,0,0,0,0,0,0,0,0,23,8,4.1536948680877686,3.8464538645292636,6.074918655188031,1.1135342170877864,0.09190026867937563,-0.04812040260497962,-0.07281705681981465
20,0,0,0,0,0,0,0,0,23,8,4.610656261444092,3.8488260763380215,6.066022452817149,1.1315835762407636,0.07724379582046226,-0.02736444774766558,-0.06204803660090218
20,0,0,0,0,0,0,0,0,23,8,5.068013668060303,3.8482226022032564,6.069754405920989,1.1221396059272726,0.06519444352171215,-0.003923176133649834,-0.05860960909458123
20,0,0,0,0,0,0,0,0,23,8,5.52612566947937,3.8456693909019037,6.079888807349166,1.1015757560997907,0.08084350156322687,-0.023626922167195974,-0.06885854204428765
20,0,0,0,0,0,0,0,0,23,8,5.983765363693237,3.845207993415594,6.0849036028448005,1.093604548003687,0.06835633320685562,-0.0054479178472804325,-0.06685969450413685
20,0,0,0,0,0,0,0,0,23,8,6.44094181060791,3.8488260763380215,6.066022452817149,1.1315835762407636,0.07724379582046226,-0.02736444774766558,-0.06204803660090218
20,0,0,0,0,0,0,0,0,23,8,6.9438557624816895,3.8482226022032564,6.069754405920989,1.1221396059272726,0.06519444352171215,-0.003923176133649834,-0.05860960909458123
20,0,0,0,0,0,0,0,0,23,8,7.437446355819702,3.8488260763380215,6.066022452817149,1.1315835762407636,0.07724379582046226,-0.02736444774766558,-0.06204803660090218
20,0,0,0,0,0,0,0,0,23,8,7.9306230545043945,3.8456693909019037,6.079888807349166,1.1015757560997907,0.08084350156322687,-0.023626922167195974,-0.06885854204428765
20,0,0,0,0,0,0,0,0,23,8,8.42437481880188,3.8488260763380215,6.066022452817149,1.1315835762407636,0.07724379582046226,-0.02736444774766558,-0.06204803660090218
20,0,0,0,0,0,0,0,0,23,8,8.91739535331726,3.8456693909019037,6.079888807349166,1.1015757560997907,0.08084350156322687,-0.023626922167195974,-0.06885854204428765
20,0,0,0,0,0,0,0,0,23,8,9.408369302749634,3.845207993415594,6.0849036028448005,1.093604548003687,0.06835633320685562,-0.0054479178472804325,-0.06685969450413685
20,0,0,0,0,0,0,0,0,23,8,9.90255069732666,3.8482226022032564,6.069754405920989,1.1221396059272726,0.06519444352171215,-0.003923176133649834,-0.05860960909458123
20,0,0,0,0,0,0,0,0,23,8,10.358076095581055,3.845207993415594,6.0849036028448005,1.093604548003687,0.06835633320685562,-0.0054479178472804325,-0.06685969450413685
20,0,0,0,0,0,0,0,0,23,8,10.813000679016113,3.8488260763380215,6.066022452817149,1.1315835762407636,0.07724379582046226,-0.02736444774766558,-0.06204803660090218
20,0,0,0,0,0,0,0,0,23,8,11.2660231590271,3.8488260763380215,6.066022452817149,1.1315835762407636,0.07724379582046226,-0.02736444774766558,-0.06204803660090218
20,0,0,0,0,0,0,0,0,23,8,11.72105598449707,3.8482226022032564,6.069754405920989,1.1221396059272726,0.06519444352171215,-0.003923176133649834,-0.05860960909458123
20,0,0,0,0,0,0,0,0,23,8,12.184080123901367,3.845207993415594,6.0849036028448005,1.093604548003687,0.06835633320685562,-0.0054479178472804325,-0.06685969450413685
20,0,0,0,0,0,0,0,0,23,8,12.642727375030518,3.8488260763380215,6.066022452817149,1.1315835762407636,0.07724379582046226,-0.02736444774766558,-0.06204803660090218
20,0,0,0,0,0,0,0,0,23,8,13.095297813415527,3.845970070151191,6.072005047880193,1.1175611511671462,0.0708787678434342,-0.0038969813565543714,-0.05888669493295064
20,0,0,0,0,0,0,0,0,23,8,13.555524826049805,3.8456693909019037,6.079888807349166,1.1015757560997907,0.08084350156322687,-0.023626922167195974,-0.06885854204428765
20,0,0,0,0,0,0,0,0,23,8,14.002294540405273,3.8482226022032564,6.069754405920989,1.1221396059272726,0.06519444352171215,-0.003923176133649834,-0.05860960909458123
20,0,0,0,0,0,0,0,0,23,8,14.448753595352173,3.845970070151191,6.072005047880193,1.1175611511671462,0.0708787678434342,-0.0038969813565543714,-0.05888669493295064
20,0,0,0,0,0,0,0,0,23,8,14.904269218444824,3.8456693909019037,6.079888807349166,1.1015757560997907,0.08084350156322687,-0.023626922167195974,-0.06885854204428765
20,0,0,0,0,0,0,0,0,23,8,15.358274459838867,3.8456693909019037,6.079888807349166,1.1015757560997907,0.08084350156322687,-0.023626922167195974,-0.06885854204428765
20,0,0,0,0,0,0,0,0,23,8,15.809794664382935,3.8456693909019037,6.079888807349166,1.1015757560997907,0.08084350156322687,-0.023626922167195974,-0.06885854204428765
20,0,0,0,0,0,0,0,0,23,8,16.253717184066772,3.8464538645292636,6.074918655188031,1.1135342170877864,0.09190026867937563,-0.04812040260497962,-0.07281705681981465
20,0,0,0,0,0,0,0,0,23,8,16.718700885772705,3.8464538645292636,6.074918655188031,1.1135342170877864,0.09190026867937563,-0.04812040260497962,-0.07281705681981465
20,0,0,0,0,0,0,0,0,23,8,17.183307647705078,3.8456693909019037,6.079888807349166,1.1015757560997907,0.08084350156322687,-0.023626922167195974,-0.06885854204428765
20,0,0,0,0,0,0,0,0,23,8,17.651792764663696,3.8488260763380215,6.066022452817149,1.1315835762407636,0.07724379582046226,-0.02736444774766558,-0.06204803660090218
20,0,0,0,0,0,0,0,0,23,8,18.11583638191223,3.8456693909019037,6.079888807349166,1.1015757560997907,0.08084350156322687,-0.023626922167195974,-0.06885854204428765
20,0,0,0,0,0,0,0,0,23,8,18.585527658462524,3.8456693909019037,6.079888807349166,1.1015757560997907,0.08084350156322687,-0.023626922167195974,-0.06885854204428765
20,0,0,0,0,0,0,0,0,23,8,19.049126148223877,3.8488260763380215,6.066022452817149,1.1315835762407636,0.07724379582046226,-0.02736444774766558,-0.06204803660090218
20,0,0,0,0,0,0,0,0,23,8,19.515465259552002,3.8456693909019037,6.079888807349166,1.1015757560997907,0.08084350156322687,-0.023626922167195974,-0.06885854204428765
20,0,0,0,0,0,0,0,0,23,8,19.98347306251526,3.8464538645292636,6.074918655188031,1.1135342170877864,0.09190026867937563,-0.04812040260497962,-0.07281705681981465
20,0,0,0,0,0,0,0,0,23,8,20.449714183807373,3.8482226022032564,6.069754405920989,1.1221396059272726,0.06519444352171215,-0.003923176133649834,-0.05860960909458123
20,0,0,0,0,0,0,0,0,23,8,20.9188392162323,3.8482226022032564,6.069754405920989,1.1221396059272726,0.06519444352171215,-0.003923176133649834,-0.05860960909458123
20,0,0,0,0,0,0,0,0,23,8,21.385212182998657,3.845207993415594,6.0849036028448005,1.093604548003687,0.06835633320685562,-0.0054479178472804325,-0.06685969450413685
20,0,0,0,0,0,0,0,0,23,8,21.853509664535522,3.845207993415594,6.0849036028448005,1.093604548003687,0.06835633320685562,-0.0054479178472804325,-0.06685969450413685
20,0,0,0,0,0,0,0,0,23,8,22.321218013763428,3.8464538645292636,6.074918655188031,1.1135342170877864,0.09190026867937563,-0.04812040260497962,-0.07281705681981465
20,0,0,0,0,0,0,0,0,23,8,22.791003704071045,3.8482226022032564,6.069754405920989,1.1221396059272726,0.06519444352171215,-0.003923176133649834,-0.05860960909458123
20,0,0,0,0,0,0,0,0,23,8,23.26336669921875,3.8464538645292636,6.074918655188031,1.1135342170877864,0.09190026867937563,-0.04812040260497962,-0.07281705681981465
20,0,0,0,0,0,0,0,0,23,8,23.734406232833862,3.8464538645292636,6.074918655188031,1.1135342170877864,0.09190026867937563,-0.04812040260497962,-0.07281705681981465
20,0,0,0,0,0,0,0,0,23,8,24.201431274414062,3.845970070151191,6.072005047880193,1.1175611511671462,0.0708787678434342,-0.0038969813565543714,-0.05888669493295064
20,0,0,0,0,0,0,0,0,23,8,24.66738224029541,3.8464538645292636,6.074918655188031,1.1135342170877864,0.09190026867937563,-0.04812040260497962,-0.07281705681981465
20,0,0,0,0,0,0,0,0,23,8,25.131425380706787,3.845970070151191,6.072005047880193,1.1175611511671462,0.0708787678434342,-0.0038969813565543714,-0.05888669493295064
20,0,0,0,0,0,0,0,0,23,8,25.594385385513306,3.8464538645292636,6.074918655188031,1.1135342170877864,0.09190026867937563,-0.04812040260497962,-0.07281705681981465
20,0,0,0,0,0,0,0,0,23,8,26.053247451782227,3.845207993415594,6.0849036028448005,1.093604548003687,0.06835633320685562,-0.0054479178472804325,-0.06685969450413685
20,0,0,0,0,0,0,0,0,23,8,26.501601219177246,3.8488260763380215,6.066022452817149,1.1315835762407636,0.07724379582046226,-0.02736444774766558,-0.06204803660090218
20,0,0,0,0,0,0,0,0,23,8,26.955273866653442,3.8464538645292636,6.074918655188031,1.1135342170877864,0.09190026867937563,-0.04812040260497962,-0.07281705681981465
20,0,0,0,0,0,0,0,0,23,8,27.404626607894897,3.8464538645292636,6.074918655188031,1.1135342170877864,0.09190026867937563,-0.04812040260497962,-0.07281705681981465
20,0,0,0,0,0,0,0,0,23,8,27.861372470855713,3.8488260763380215,6.066022452817149,1.1315835762407636,0.07724379582046226,-0.02736444774766558,-0.06204803660090218
20,0,0,0,0,0,0,0,0,23,8,28.32140350341797,3.8488260763380215,6.066022452817149,1.1315835762407636,0.07724379582046226,-0.02736444774766558,-0.06204803660090218
20,0,0,0,0,0,0,0,0,23,8,28.776077032089233,3.846587629707179,6.068208595395632,1.1271361229791133,0.08302062537339693,-0.02743914307112462,-0.06243224824523996
20,0,0,0,0,0,0,0,0,23,8,29.236567497253418,3.8464538645292636,6.074918655188031,1.1135342170877864,0.09190026867937563,-0.04812040260497962,-0.07281705681981465
20,0,0,0,0,0,0,0,0,23,8,29.69104290008545,3.845207993415594,6.0849036028448005,1.093604548003687,0.06835633320685562,-0.0054479178472804325,-0.06685969450413685
20,0,0,0,0,0,0,0,0,23,8,30.14988946914673,3.846587629707179,6.068208595395632,1.1271361229791133,0.08302062537339693,-0.02743914307112462,-0.06243224824523996
20,0,0,0,0,0,0,0,0,23,8,30.60687255859375,3.8456693909019037,6.079888807349166,1.1015757560997907,0.08084350156322687,-0.023626922167195974,-0.06885854204428765
20,0,0,0,0,0,0,0,0,23,8,31.070446729660034,3.8488260763380215,6.066022452817149,1.1315835762407636,0.07724379582046226,-0.02736444774766558,-0.06204803660090218
20,0,0,0,0,0,0,0,0,23,8,31.526145458221436,3.8464538645292636,6.074918655188031,1.1135342170877864,0.09190026867937563,-0.04812040260497962,-0.07281705681981465
20,0,0,0,0,0,0,0,0,23,8,31.981858253479004,3.8456693909019037,6.079888807349166,1.1015757560997907,0.08084350156322687,-0.023626922167195974,-0.06885854204428765
20,0,0,0,0,0,0,0,0,23,8,32.438252210617065,3.8464538645292636,6.074918655188031,1.1135342170877864,0.09190026867937563,-0.04812040260497962,-0.07281705681981465
20,0,0,0,0,0,0,0,0,23,8,32.894840478897095,3.846587629707179,6.068208595395632,1.1271361229791133,0.08302062537339693,-0.02743914307112462,-0.06243224824523996
20,0,0,0,0,0,0,0,0,23,8,33.350648403167725,3.845207993415594,6.0849036028448005,1.093604548003687,0.06835633320685562,-0.0054479178472804325,-0.06685969450413685
20,0,0,0,0,0,0,0,0,23,8,33.80173468589783,3.846587629707179,6.068208595395632,1.1271361229791133,0.08302062537339693,-0.02743914307112462,-0.06243224824523996
20,0,0,0,0,0,0,0,0,23,8,34.29894948005676,3.8464538645292636,6.074918655188031,1.1135342170877864,0.09190026867937563,-0.04812040260497962,-0.07281705681981465
20,0,0,0,0,0,0,0,0,23,8,34.80370116233826,3.8464538645292636,6.074918655188031,1.1135342170877864,0.09190026867937563,-0.04812040260497962,-0.07281705681981465
20,0,0,0,0,0,0,0,0,23,8,35.27016997337341,3.845207993415594,6.0849036028448005,1.093604548003687,0.06835633320685562,-0.0054479178472804325,-0.06685969450413685
20,0,0,0,0,0,0,0,0,23,8,35.719332218170166,3.8464538645292636,6.074918655188031,1.1135342170877864,0.09190026867937563,-0.04812040260497962,-0.07281705681981465
20,0,0,0,0,0,0,0,0,23,8,36.17518949508667,3.846587629707179,6.068208595395632,1.1271361229791133,0.08302062537339693,-0.02743914307112462,-0.06243224824523996
20,0,0,0,0,0,0,0,0,23,8,36.64401412010193,3.8464538645292636,6.074918655188031,1.1135342170877864,0.09190026867937563,-0.04812040260497962,-0.07281705681981465
20,0,0,0,0,0,0,0,0,23,8,37.09229063987732,3.846587629707179,6.068208595395632,1.1271361229791133,0.08302062537339693,-0.02743914307112462,-0.06243224824523996
20,0,0,0,0,0,0,0,0,23,8,37.54286742210388,3.845970070151191,6.072005047880193,1.1175611511671462,0.0708787678434342,-0.0038969813565543714,-0.05888669493295064
20,0,0,0,0,0,0,0,0,23,8,38.00465488433838,3.8464538645292636,6.074918655188031,1.1135342170877864,0.09190026867937563,-0.04812040260497962,-0.07281705681981465
20,0,0,0,0,0,0,0,0,23,8,38.4602997303009,3.8464538645292636,6.074918655188031,1.1135342170877864,0.09190026867937563,-0.04812040260497962,-0.07281705681981465
20,0,0,0,0,0,0,0,0,23,8,38.92129993438721,3.846587629707179,6.068208595395632,1.1271361229791133,0.08302062537339693,-0.02743914307112462,-0.06243224824523996
20,0,0,0,0,0,0,0,0,23,8,39.375667333602905,3.8488260763380215,6.066022452817149,1.1315835762407636,0.07724379582046226,-0.02736444774766558,-0.06204803660090218
20,0,0,0,0,0,0,0,0,23,8,39.830631256103516,3.8464538645292636,6.074918655188031,1.1135342170877864,0.09190026867937563,-0.04812040260497962,-0.07281705681981465
20,0,0,0,0,0,0,0,0,23,8,42.0016393661499,3.8464538645292636,6.074918655188031,1.1135342170877864,0.09190026867937563,-0.04812040260497962,-0.07281705681981465
20,0,0,0,0,0,0,0,0,23,8,42.45322942733765,3.8464538645292636,6.074918655188031,1.1135342170877864,0.09190026867937563,-0.04812040260497962,-0.07281705681981465
20,0,0,0,0,0,0,0,0,23,8,42.90725374221802,3.8464538645292636,6.074918655188031,1.1135342170877864,0.09190026867937563,-0.04812040260497962,-0.07281705681981465
20,0,0,0,0,0,0,0,0,23,8,43.36763954162598,3.8456693909019037,6.079888807349166,1.1015757560997907,0.08084350156322687,-0.023626922167195974,-0.06885854204428765
20,0,0,0,0,0,0,0,0,23,8,43.82221722602844,3.846587629707179,6.068208595395632,1.1271361229791133,0.08302062537339693,-0.02743914307112462,-0.06243224824523996
20,0,0,0,0,0,0,0,0,23,8,44.27749586105347,3.8464538645292636,6.074918655188031,1.1135342170877864,0.09190026867937563,-0.04812040260497962,-0.07281705681981465
20,0,0,0,0,0,0,0,0,23,8,44.731411933898926,3.846587629707179,6.068208595395632,1.1271361229791133,0.08302062537339693,-0.02743914307112462,-0.06243224824523996
20,0,0,0,0,0,0,0,0,23,8,45.18673229217529,3.8464538645292636,6.074918655188031,1.1135342170877864,0.09190026867937563,-0.04812040260497962,-0.07281705681981465
20,0,0,0,0,0,0,0,0,23,8,45.637664794921875,3.846587629707179,6.068208595395632,1.1271361229791133,0.08302062537339693,-0.02743914307112462,-0.06243224824523996
20,0,0,0,0,0,0,0,0,23,8,46.09149432182312,3.8464538645292636,6.074918655188031,1.1135342170877864,0.09190026867937563,-0.04812040260497962,-0.07281705681981465
20,0,0,0,0,0,0,0,0,23,8,46.54285287857056,3.845207993415594,6.0849036028448005,1.093604548003687,0.06835633320685562,-0.0054479178472804325,-0.06685969450413685
20,0,0,0,0,0,0,0,0,23,8,46.99400520324707,3.846587629707179,6.068208595395632,1.1271361229791133,0.08302062537339693,-0.02743914307112462,-0.06243224824523996
20,0,0,0,0,0,0,0,0,23,8,47.44816756248474,3.845970070151191,6.072005047880193,1.1175611511671462,0.0708787678434342,-0.0038969813565543714,-0.05888669493295064
20,0,0,0,0,0,0,0,0,23,8,47.90302491188049,3.8464538645292636,6.074918655188031,1.1135342170877864,0.09190026867937563,-0.04812040260497962,-0.07281705681981465
20,0,0,0,0,0,0,0,0,23,8,48.36164426803589,3.846587629707179,6.068208595395632,1.1271361229791133,0.08302062537339693,-0.02743914307112462,-0.06243224824523996
20,0,0,0,0,0,0,0,0,23,8,48.80946969985962,3.8456693909019037,6.079888807349166,1.1015757560997907,0.08084350156322687,-0.023626922167195974,-0.06885854204428765
20,0,0,0,0,0,0,0,0,23,8,49.26729345321655,3.845207993415594,6.0849036028448005,1.093604548003687,0.06835633320685562,-0.0054479178472804325,-0.06685969450413685
20,0,0,0,0,0,0,0,0,23,8,49.71985626220703,3.8464538645292636,6.074918655188031,1.1135342170877864,0.09190026867937563,-0.04812040260497962,-0.07281705681981465
20,0,0,0,0,0,0,0,0,23,8,50.180206537246704,3.8464538645292636,6.074918655188031,1.1135342170877864,0.09190026867937563,-0.04812040260497962,-0.07281705681981465
20,0,0,0,0,0,0,0,0,23,8,50.63961935043335,3.845970070151191,6.072005047880193,1.1175611511671462,0.0708787678434342,-0.0038969813565543714,-0.05888669493295064
20,0,0,0,0,0,0,0,0,23,8,51.09666633605957,3.8464538645292636,6.074918655188031,1.1135342170877864,0.09190026867937563,-0.04812040260497962,-0.07281705681981465
20,0,0,0,0,0,0,0,0,23,8,51.55159854888916,3.8464538645292636,6.074918655188031,1.1135342170877864,0.09190026867937563,-0.04812040260497962,-0.07281705681981465
20,0,0,0,0,0,0,0,0,23,8,52.00174689292908,3.845207993415594,6.0849036028448005,1.093604548003687,0.06835633320685562,-0.0054479178472804325,-0.06685969450413685
20,0,0,0,0,0,0,0,0,23,8,52.453258991241455,3.846587629707179,6.068208595395632,1.1271361229791133,0.08302062537339693,-0.02743914307112462,-0.06243224824523996
20,0,0,0,0,0,0,0,0,23,8,52.90113949775696,3.8464538645292636,6.074918655188031,1.1135342170877864,0.09190026867937563,-0.04812040260497962,-0.07281705681981465
20,0,0,0,0,0,0,0,0,23,8,53.355682611465454,3.845207993415594,6.0849036028448005,1.093604548003687,0.06835633320685562,-0.0054479178472804325,-0.06685969450413685
20,0,0,0,0,0,0,0,0,23,8,53.808308601379395,3.846587629707179,6.068208595395632,1.1271361229791133,0.08302062537339693,-0.02743914307112462,-0.06243224824523996
20,0,0,0,0,0,0,0,0,23,8,54.258899450302124,3.8464538645292636,6.074918655188031,1.1135342170877864,0.09190026867937563,-0.04812040260497962,-0.07281705681981465
20,0,0,0,0,0,0,0,0,23,8,54.712547063827515,3.845207993415594,6.0849036028448005,1.093604548003687,0.06835633320685562,-0.0054479178472804325,-0.06685969450413685
20,0,0,0,0,0,0,0,0,23,8,55.176053047180176,3.8464538645292636,6.074918655188031,1.1135342170877864,0.09190026867937563,-0.04812040260497962,-0.07281705681981465
20,0,0,0,0,0,0,0,0,23,8,55.62680101394653,3.846587629707179,6.068208595395632,1.1271361229791133,0.08302062537339693,-0.02743914307112462,-0.06243224824523996
20,0,0,0,0,0,0,0,0,23,8,56.08317041397095,3.8464538645292636,6.074918655188031,1.1135342170877864,0.09190026867937563,-0.04812040260497962,-0.07281705681981465
20,0,0,0,0,0,0,0,0,23,8,56.53538799285889,3.8464538645292636,6.074918655188031,1.1135342170877864,0.09190026867937563,-0.04812040260497962,-0.07281705681981465
20,0,0,0,0,0,0,0,0,23,8,56.9857063293457,3.846587629707179,6.068208595395632,1.1271361229791133,0.08302062537339693,-0.02743914307112462,-0.06243224824523996
20,0,0,0,0,0,0,0,0,23,8,57.43641781806946,3.8456693909019037,6.079888807349166,1.1015757560997907,0.08084350156322687,-0.023626922167195974,-0.06885854204428765
20,0,0,0,0,0,0,0,0,23,8,57.88330936431885,3.8464538645292636,6.074918655188031,1.1135342170877864,0.09190026867937563,-0.04812040260497962,-0.07281705681981465
20,0,0,0,0,0,0,0,0,23,8,58.33739256858826,3.845207993415594,6.0849036028448005,1.093604548003687,0.06835633320685562,-0.0054479178472804325,-0.06685969450413685
20,0,0,0,0,0,0,0,0,23,8,58.78658604621887,3.8488260763380215,6.066022452817149,1.1315835762407636,0.07724379582046226,-0.02736444774766558,-0.06204803660090218
20,0,0,0,0,0,0,0,0,23,8,59.255366563797,3.8464538645292636,6.074918655188031,1.1135342170877864,0.09190026867937563,-0.04812040260497962,-0.07281705681981465
20,0,0,0,0,0,0,0,0,23,8,59.71552920341492,3.8456693909019037,6.079888807349166,1.1015757560997907,0.08084350156322687,-0.023626922167195974,-0.06885854204428765
20,0,0,0,0,0,0,0,0,23,8,60.168068647384644,3.8464538645292636,6.074918655188031,1.1135342170877864,0.09190026867937563,-0.04812040260497962,-0.07281705681981465
20,0,0,0,0,0,0,0,0,23,8,60.623246908187866,3.8464538645292636,6.074918655188031,1.1135342170877864,0.09190026867937563,-0.04812040260497962,-0.07281705681981465
20,0,0,0,0,0,0,0,0,23,8,61.07368564605713,3.846587629707179,6.068208595395632,1.1271361229791133,0.08302062537339693,-0.02743914307112462,-0.06243224824523996
20,0,0,0,0,0,0,0,0,23,8,61.518878698349,3.8464538645292636,6.074918655188031,1.1135342170877864,0.09190026867937563,-0.04812040260497962,-0.07281705681981465
20,0,0,0,0,0,0,0,0,23,8,61.96657633781433,3.8456693909019037,6.079888807349166,1.1015757560997907,0.08084350156322687,-0.023626922167195974,-0.06885854204428765
20,0,0,0,0,0,0,0,0,23,8,62.41762733459473,3.8456693909019037,6.079888807349166,1.1015757560997907,0.08084350156322687,-0.023626922167195974,-0.06885854204428765
20,0,0,0,0,0,0,0,0,23,8,62.866556882858276,3.8488260763380215,6.066022452817149,1.1315835762407636,0.07724379582046226,-0.02736444774766558,-0.06204803660090218
20,0,0,0,0,0,0,0,0,23,8,63.315484046936035,3.8464538645292636,6.074918655188031,1.1135342170877864,0.09190026867937563,-0.04812040260497962,-0.07281705681981465
20,0,0,0,0,0,0,0,0,23,8,63.76107573509216,3.8456693909019037,6.079888807349166,1.1015757560997907,0.08084350156322687,-0.023626922167195974,-0.06885854204428765
20,0,0,0,0,0,0,0,0,23,8,64.21687054634094,3.8464538645292636,6.074918655188031,1.1135342170877864,0.09190026867937563,-0.04812040260497962,-0.07281705681981465
20,0,0,0,0,0,0,0,0,23,8,64.67054581642151,3.846587629707179,6.068208595395632,1.1271361229791133,0.08302062537339693,-0.02743914307112462,-0.06243224824523996
20,0,0,0,0,0,0,0,0,23,8,65.12486577033997,3.846587629707179,6.068208595395632,1.1271361229791133,0.08302062537339693,-0.02743914307112462,-0.06243224824523996
20,0,0,0,0,0,0,0,0,23,8,65.56786918640137,3.846587629707179,6.068208595395632,1.1271361229791133,0.08302062537339693,-0.02743914307112462,-0.06243224824523996
20,0,0,0,0,0,0,0,0,23,8,66.01886081695557,3.8464538645292636,6.074918655188031,1.1135342170877864,0.09190026867937563,-0.04812040260497962,-0.07281705681981465
20,0,0,0,0,0,0,0,0,23,8,66.46947836875916,3.8464538645292636,6.074918655188031,1.1135342170877864,0.09190026867937563,-0.04812040260497962,-0.07281705681981465
20,0,0,0,0,0,0,0,0,23,8,66.91751885414124,3.8464538645292636,6.074918655188031,1.1135342170877864,0.09190026867937563,-0.04812040260497962,-0.07281705681981465
20,0,0,0,0,0,0,0,0,23,8,67.36968040466309,3.8464538645292636,6.074918655188031,1.1135342170877864,0.09190026867937563,-0.04812040260497962,-0.07281705681981465
20,0,0,0,0,0,0,0,0,23,8,67.82916355133057,3.846587629707179,6.068208595395632,1.1271361229791133,0.08302062537339693,-0.02743914307112462,-0.06243224824523996
20,0,0,0,0,0,0,0,0,23,8,68.2825243473053,3.846587629707179,6.068208595395632,1.1271361229791133,0.08302062537339693,-0.02743914307112462,-0.06243224824523996
20,0,0,0,0,0,0,0,0,23,8,68.73554277420044,3.8464538645292636,6.074918655188031,1.1135342170877864,0.09190026867937563,-0.04812040260497962,-0.07281705681981465
20,0,0,0,0,0,0,0,0,23,8,69.184885263443,3.8464538645292636,6.074918655188031,1.1135342170877864,0.09190026867937563,-0.04812040260497962,-0.07281705681981465
20,0,0,0,0,0,0,0,0,23,8,69.63820171356201,3.846587629707179,6.068208595395632,1.1271361229791133,0.08302062537339693,-0.02743914307112462,-0.06243224824523996
20,0,0,0,0,0,0,0,0,23,8,70.09279036521912,3.846587629707179,6.068208595395632,1.1271361229791133,0.08302062537339693,-0.02743914307112462,-0.06243224824523996
20,0,0,0,0,0,0,0,0,23,8,70.54331970214844,3.846587629707179,6.068208595395632,1.1271361229791133,0.08302062537339693,-0.02743914307112462,-0.06243224824523996
20,0,0,0,0,0,0,0,0,23,8,70.99971127510071,3.8464538645292636,6.074918655188031,1.1135342170877864,0.09190026867937563,-0.04812040260497962,-0.07281705681981465
20,0,0,0,0,0,0,0,0,23,8,71.44661521911621,3.846587629707179,6.068208595395632,1.1271361229791133,0.08302062537339693,-0.02743914307112462,-0.06243224824523996
20,0,0,0,0,0,0,0,0,23,8,71.89187908172607,3.8464538645292636,6.074918655188031,1.1135342170877864,0.09190026867937563,-0.04812040260497962,-0.07281705681981465
20,0,0,0,0,0,0,0,0,23,8,72.35442471504211,3.846587629707179,6.068208595395632,1.1271361229791133,0.08302062537339693,-0.02743914307112462,-0.06243224824523996
20,0,0,0,0,0,0,0,0,23,8,72.80090427398682,3.8488260763380215,6.066022452817149,1.1315835762407636,0.07724379582046226,-0.02736444774766558,-0.06204803660090218
20,0,0,0,0,0,0,0,0,23,8,73.25328207015991,3.8464538645292636,6.074918655188031,1.1135342170877864,0.09190026867937563,-0.04812040260497962,-0.07281705681981465
20,0,0,0,0,0,0,0,0,23,8,73.70237302780151,3.846587629707179,6.068208595395632,1.1271361229791133,0.08302062537339693,-0.02743914307112462,-0.06243224824523996
20,0,0,0,0,0,0,0,0,23,8,74.15268969535828,3.8464538645292636,6.074918655188031,1.1135342170877864,0.09190026867937563,-0.04812040260497962,-0.07281705681981465
20,0,0,0,0,0,0,0,0,23,8,74.59860730171204,3.8464538645292636,6.074918655188031,1.1135342170877864,0.09190026867937563,-0.04812040260497962,-0.07281705681981465
20,0,0,0,0,0,0,0,0,23,8,75.04318904876709,3.8464538645292636,6.074918655188031,1.1135342170877864,0.09190026867937563,-0.04812040260497962,-0.07281705681981465
20,0,0,0,0,0,0,0,0,23,8,75.49699234962463,3.8464538645292636,6.074918655188031,1.1135342170877864,0.09190026867937563,-0.04812040260497962,-0.07281705681981465
20,0,0,0,0,0,0,0,0,23,8,75.9482946395874,3.845207993415594,6.0849036028448005,1.093604548003687,0.06835633320685562,-0.0054479178472804325,-0.06685969450413685
20,0,0,0,0,0,0,0,0,23,8,76.39421319961548,3.846587629707179,6.068208595395632,1.1271361229791133,0.08302062537339693,-0.02743914307112462,-0.06243224824523996
20,0,0,0,0,0,0,0,0,23,8,76.84524059295654,3.8456693909019037,6.079888807349166,1.1015757560997907,0.08084350156322687,-0.023626922167195974,-0.06885854204428765
20,0,0,0,0,0,0,0,0,23,8,77.29351091384888,3.8482226022032564,6.069754405920989,1.1221396059272726,0.06519444352171215,-0.003923176133649834,-0.05860960909458123
20,0,0,0,0,0,0,0,0,23,8,77.74418616294861,3.8491212120882334,6.058194263792165,1.1474495379796537,0.06740098040935918,-0.007752380429376506,-0.05220167834142641
20,0,0,0,0,0,0,0,0,23,8,78.19861435890198,3.846587629707179,6.068208595395632,1.1271361229791133,0.08302062537339693,-0.02743914307112462,-0.06243224824523996
20,0,0,0,0,0,0,0,0,23,8,78.64586210250854,3.8464538645292636,6.074918655188031,1.1135342170877864,0.09190026867937563,-0.04812040260497962,-0.07281705681981465
20,0,0,0,0,0,0,0,0,23,8,79.10345387458801,3.846587629707179,6.068208595395632,1.1271361229791133,0.08302062537339693,-0.02743914307112462,-0.06243224824523996
20,0,0,0,0,0,0,0,0,23,8,79.57078170776367,3.8488260763380215,6.066022452817149,1.1315835762407636,0.07724379582046226,-0.02736444774766558,-0.06204803660090218
20,0,0,0,0,0,0,0,0,23,8,80.02815747261047,3.846587629707179,6.068208595395632,1.1271361229791133,0.08302062537339693,-0.02743914307112462,-0.06243224824523996
20,0,0,0,0,0,0,0,0,23,8,80.48044610023499,3.8464538645292636,6.074918655188031,1.1135342170877864,0.09190026867937563,-0.04812040260497962,-0.07281705681981465
20,0,0,0,0,0,0,0,0,23,8,80.92621564865112,3.846587629707179,6.068208595395632,1.1271361229791133,0.08302062537339693,-0.02743914307112462,-0.06243224824523996
20,0,0,0,0,0,0,0,0,23,8,81.38122415542603,3.846587629707179,6.068208595395632,1.1271361229791133,0.08302062537339693,-0.02743914307112462,-0.06243224824523996
20,0,0,0,0,0,0,0,0,23,8,81.82815217971802,3.846587629707179,6.068208595395632,1.1271361229791133,0.08302062537339693,-0.02743914307112462,-0.06243224824523996
20,0,0,0,0,0,0,0,0,23,8,82.28420233726501,3.8491212120882334,6.058194263792165,1.1474495379796537,0.06740098040935918,-0.007752380429376506,-0.05220167834142641
20,0,0,0,0,0,0,0,0,23,8,82.72871923446655,3.845207993415594,6.0849036028448005,1.093604548003687,0.06835633320685562,-0.0054479178472804325,-0.06685969450413685
20,0,0,0,0,0,0,0,0,23,8,83.17647242546082,3.8464538645292636,6.074918655188031,1.1135342170877864,0.09190026867937563,-0.04812040260497962,-0.07281705681981465
20,0,0,0,0,0,0,0,0,23,8,83.62640285491943,3.8464538645292636,6.074918655188031,1.1135342170877864,0.09190026867937563,-0.04812040260497962,-0.07281705681981465
20,0,0,0,0,0,0,0,0,23,8,84.08527088165283,3.8488260763380215,6.066022452817149,1.1315835762407636,0.07724379582046226,-0.02736444774766558,-0.06204803660090218
20,0,0,0,0,0,0,0,0,23,8,84.5378668308258,3.845207993415594,6.0849036028448005,1.093604548003687,0.06835633320685562,-0.0054479178472804325,-0.06685969450413685
20,0,0,0,0,0,0,0,0,23,8,84.99747824668884,3.8464538645292636,6.074918655188031,1.1135342170877864,0.09190026867937563,-0.04812040260497962,-0.07281705681981465
20,0,0,0,0,0,0,0,0,23,8,85.44667553901672,3.846587629707179,6.068208595395632,1.1271361229791133,0.08302062537339693,-0.02743914307112462,-0.06243224824523996
20,0,0,0,0,0,0,0,0,23,8,85.9046540260315,3.8464538645292636,6.074918655188031,1.1135342170877864,0.09190026867937563,-0.04812040260497962,-0.07281705681981465
20,0,0,0,0,0,0,0,0,23,8,86.35716438293457,3.8464538645292636,6.074918655188031,1.1135342170877864,0.09190026867937563,-0.04812040260497962,-0.07281705681981465
20,0,0,0,0,0,0,0,0,23,8,86.80589962005615,3.8456693909019037,6.079888807349166,1.1015757560997907,0.08084350156322687,-0.023626922167195974,-0.06885854204428765
20,0,0,0,0,0,0,0,0,23,8,87.26720356941223,3.8464538645292636,6.074918655188031,1.1135342170877864,0.09190026867937563,-0.04812040260497962,-0.07281705681981465
20,0,0,0,0,0,0,0,0,23,8,87.71983313560486,3.8464538645292636,6.074918655188031,1.1135342170877864,0.09190026867937563,-0.04812040260497962,-0.07281705681981465
20,0,0,0,0,0,0,0,0,23,8,88.18178534507751,3.8488260763380215,6.066022452817149,1.1315835762407636,0.07724379582046226,-0.02736444774766558,-0.06204803660090218
20,0,0,0,0,0,0,0,0,23,8,88.62915706634521,3.8464538645292636,6.074918655188031,1.1135342170877864,0.09190026867937563,-0.04812040260497962,-0.07281705681981465
20,0,0,0,0,0,0,0,0,23,8,89.08059668540955,3.845207993415594,6.0849036028448005,1.093604548003687,0.06835633320685562,-0.0054479178472804325,-0.06685969450413685
20,0,0,0,0,0,0,0,0,23,8,89.53064155578613,3.8464538645292636,6.074918655188031,1.1135342170877864,0.09190026867937563,-0.04812040260497962,-0.07281705681981465
20,0,0,0,0,0,0,0,0,23,8,90.0095067024231,3.845970070151191,6.072005047880193,1.1175611511671462,0.0708787678434342,-0.0038969813565543714,-0.05888669493295064
20,0,0,0,0,0,0,0,0,23,8,90.46398973464966,3.8456693909019037,6.079888807349166,1.1015757560997907,0.08084350156322687,-0.023626922167195974,-0.06885854204428765
20,0,0,0,0,0,0,0,0,23,8,90.91472125053406,3.8456693909019037,6.079888807349166,1.1015757560997907,0.08084350156322687,-0.023626922167195974,-0.06885854204428765
20,0,0,0,0,0,0,0,0,23,8,91.36654043197632,3.846587629707179,6.068208595395632,1.1271361229791133,0.08302062537339693,-0.02743914307112462,-0.06243224824523996
20,0,0,0,0,0,0,0,0,23,8,91.81185221672058,3.846587629707179,6.068208595395632,1.1271361229791133,0.08302062537339693,-0.02743914307112462,-0.06243224824523996
20,0,0,0,0,0,0,0,0,23,8,92.26159739494324,3.8464538645292636,6.074918655188031,1.1135342170877864,0.09190026867937563,-0.04812040260497962,-0.07281705681981465
20,0,0,0,0,0,0,0,0,23,8,92.70872282981873,3.8464538645292636,6.074918655188031,1.1135342170877864,0.09190026867937563,-0.04812040260497962,-0.07281705681981465
20,0,0,0,0,0,0,0,0,23,8,93.15415048599243,3.846587629707179,6.068208595395632,1.1271361229791133,0.08302062537339693,-0.02743914307112462,-0.06243224824523996
20,0,0,0,0,0,0,0,0,23,8,93.59853506088257,3.8456693909019037,6.079888807349166,1.1015757560997907,0.08084350156322687,-0.023626922167195974,-0.06885854204428765
20,0,0,0,0,0,0,0,0,23,8,94.04809641838074,3.845207993415594,6.0849036028448005,1.093604548003687,0.06835633320685562,-0.0054479178472804325,-0.06685969450413685
20,0,0,0,0,0,0,0,0,23,8,94.49577498435974,3.846587629707179,6.068208595395632,1.1271361229791133,0.08302062537339693,-0.02743914307112462,-0.06243224824523996
20,0,0,0,0,0,0,0,0,23,8,95.08545851707458,3.8464538645292636,6.074918655188031,1.1135342170877864,0.09190026867937563,-0.04812040260497962,-0.07281705681981465
20,0,0,0,0,0,0,0,0,23,8,95.5476233959198,3.845970070151191,6.072005047880193,1.1175611511671462,0.0708787678434342,-0.0038969813565543714,-0.05888669493295064
20,0,0,0,0,0,0,0,0,23,8,96.0002498626709,3.8488260763380215,6.066022452817149,1.1315835762407636,0.07724379582046226,-0.02736444774766558,-0.06204803660090218
20,0,0,0,0,0,0,0,0,23,8,96.452716588974,3.8464538645292636,6.074918655188031,1.1135342170877864,0.09190026867937563,-0.04812040260497962,-0.07281705681981465
20,0,0,0,0,0,0,0,0,23,8,96.90502166748047,3.845207993415594,6.0849036028448005,1.093604548003687,0.06835633320685562,-0.0054479178472804325,-0.06685969450413685
20,0,0,0,0,0,0,0,0,23,8,97.35471820831299,3.8456693909019037,6.079888807349166,1.1015757560997907,0.08084350156322687,-0.023626922167195974,-0.06885854204428765
20,0,0,0,0,0,0,0,0,23,8,97.8140938282013,3.8464538645292636,6.074918655188031,1.1135342170877864,0.09190026867937563,-0.04812040260497962,-0.07281705681981465
20,0,0,0,0,0,0,0,0,23,8,98.26199316978455,3.8464538645292636,6.074918655188031,1.1135342170877864,0.09190026867937563,-0.04812040260497962,-0.07281705681981465
20,0,0,0,0,0,0,0,0,23,8,98.71008682250977,3.8464538645292636,6.074918655188031,1.1135342170877864,0.09190026867937563,-0.04812040260497962,-0.07281705681981465
20,0,0,0,0,0,0,0,0,23,8,99.16563320159912,3.8488260763380215,6.066022452817149,1.1315835762407636,0.07724379582046226,-0.02736444774766558,-0.06204803660090218
20,0,0,0,0,0,0,0,0,23,8,99.60885977745056,3.8464538645292636,6.074918655188031,1.1135342170877864,0.09190026867937563,-0.04812040260497962,-0.07281705681981465
20,0,0,0,0,0,0,0,0,23,8,100.71671342849731,3.8464538645292636,6.074918655188031,1.1135342170877864,0.09190026867937563,-0.04812040260497962,-0.07281705681981465
20,0,0,0,0,0,0,0,0,23,8,101.16885805130005,3.846587629707179,6.068208595395632,1.1271361229791133,0.08302062537339693,-0.02743914307112462,-0.06243224824523996
20,0,0,0,0,0,0,0,0,23,8,101.61815309524536,3.846587629707179,6.068208595395632,1.1271361229791133,0.08302062537339693,-0.02743914307112462,-0.06243224824523996
20,0,0,0,0,0,0,0,0,23,8,102.06657242774963,3.8488260763380215,6.066022452817149,1.1315835762407636,0.07724379582046226,-0.02736444774766558,-0.06204803660090218
20,0,0,0,0,0,0,0,0,23,8,102.51338028907776,3.8464538645292636,6.074918655188031,1.1135342170877864,0.09190026867937563,-0.04812040260497962,-0.07281705681981465
20,0,0,0,0,0,0,0,0,23,8,103.01798558235168,3.8464538645292636,6.074918655188031,1.1135342170877864,0.09190026867937563,-0.04812040260497962,-0.07281705681981465
20,0,0,0,0,0,0,0,0,23,8,103.51909255981445,3.8488260763380215,6.066022452817149,1.1315835762407636,0.07724379582046226,-0.02736444774766558,-0.06204803660090218
20,0,0,0,0,0,0,0,0,23,8,104.01630187034607,3.8464538645292636,6.074918655188031,1.1135342170877864,0.09190026867937563,-0.04812040260497962,-0.07281705681981465
20,0,0,0,0,0,0,0,0,23,8,104.51325678825378,3.8464538645292636,6.074918655188031,1.1135342170877864,0.09190026867937563,-0.04812040260497962,-0.07281705681981465
20,0,0,0,0,0,0,0,0,23,8,106.00549244880676,3.8464538645292636,6.074918655188031,1.1135342170877864,0.09190026867937563,-0.04812040260497962,-0.07281705681981465
20,0,0,0,0,0,0,0,0,23,8,106.47674632072449,3.8464538645292636,6.074918655188031,1.1135342170877864,0.09190026867937563,-0.04812040260497962,-0.07281705681981465
20,0,0,0,0,0,0,0,0,23,8,106.93197774887085,3.8488260763380215,6.066022452817149,1.1315835762407636,0.07724379582046226,-0.02736444774766558,-0.06204803660090218
20,0,0,0,0,0,0,0,0,23,8,107.38519978523254,3.8464538645292636,6.074918655188031,1.1135342170877864,0.09190026867937563,-0.04812040260497962,-0.07281705681981465
20,0,0,0,0,0,0,0,0,23,8,107.84142684936523,3.845207993415594,6.0849036028448005,1.093604548003687,0.06835633320685562,-0.0054479178472804325,-0.06685969450413685
20,0,0,0,0,0,0,0,0,23,8,108.292307138443,3.8488260763380215,6.066022452817149,1.1315835762407636,0.07724379582046226,-0.02736444774766558,-0.06204803660090218
20,0,0,0,0,0,0,0,0,23,8,108.74699068069458,3.845207993415594,6.0849036028448005,1.093604548003687,0.06835633320685562,-0.0054479178472804325,-0.06685969450413685
20,0,0,0,0,0,0,0,0,23,8,109.20570683479309,3.846587629707179,6.068208595395632,1.1271361229791133,0.08302062537339693,-0.02743914307112462,-0.06243224824523996
20,0,0,0,0,0,0,0,0,23,8,109.67050552368164,3.8488260763380215,6.066022452817149,1.1315835762407636,0.07724379582046226,-0.02736444774766558,-0.06204803660090218
20,0,0,0,0,0,0,0,0,23,8,110.12032151222229,3.8464538645292636,6.074918655188031,1.1135342170877864,0.09190026867937563,-0.04812040260497962,-0.07281705681981465
20,0,0,0,0,0,0,0,0,23,8,110.57784581184387,3.8464538645292636,6.074918655188031,1.1135342170877864,0.09190026867937563,-0.04812040260497962,-0.07281705681981465
20,0,0,0,0,0,0,0,0,23,8,111.03229117393494,3.8464538645292636,6.074918655188031,1.1135342170877864,0.09190026867937563,-0.04812040260497962,-0.07281705681981465
20,0,0,0,0,0,0,0,0,23,8,111.48501992225647,3.8464538645292636,6.074918655188031,1.1135342170877864,0.09190026867937563,-0.04812040260497962,-0.07281705681981465
20,0,0,0,0,0,0,0,0,23,8,111.93998122215271,3.8488260763380215,6.066022452817149,1.1315835762407636,0.07724379582046226,-0.02736444774766558,-0.06204803660090218
20,0,0,0,0,0,0,0,0,23,8,112.39333701133728,3.8464538645292636,6.074918655188031,1.1135342170877864,0.09190026867937563,-0.04812040260497962,-0.07281705681981465
20,0,0,0,0,0,0,0,0,23,8,112.8463020324707,3.846587629707179,6.068208595395632,1.1271361229791133,0.08302062537339693,-0.02743914307112462,-0.06243224824523996
20,0,0,0,0,0,0,0,0,23,8,113.30042672157288,3.8488260763380215,6.066022452817149,1.1315835762407636,0.07724379582046226,-0.02736444774766558,-0.06204803660090218
20,0,0,0,0,0,0,0,0,23,8,113.75346350669861,3.8464538645292636,6.074918655188031,1.1135342170877864,0.09190026867937563,-0.04812040260497962,-0.07281705681981465
20,0,0,0,0,0,0,0,0,23,8,114.20331048965454,3.8464538645292636,6.074918655188031,1.1135342170877864,0.09190026867937563,-0.04812040260497962,-0.07281705681981465
20,0,0,0,0,0,0,0,0,23,8,114.65427017211914,3.8464538645292636,6.074918655188031,1.1135342170877864,0.09190026867937563,-0.04812040260497962,-0.07281705681981465
20,0,0,0,0,0,0,0,0,23,8,115.10457730293274,3.845207993415594,6.0849036028448005,1.093604548003687,0.06835633320685562,-0.0054479178472804325,-0.06685969450413685
20,0,0,0,0,0,0,0,0,23,8,115.56592726707458,3.846587629707179,6.068208595395632,1.1271361229791133,0.08302062537339693,-0.02743914307112462,-0.06243224824523996
20,0,0,0,0,0,0,0,0,23,8,116.02344918251038,3.8488260763380215,6.066022452817149,1.1315835762407636,0.07724379582046226,-0.02736444774766558,-0.06204803660090218
20,0,0,0,0,0,0,0,0,23,8,116.4788510799408,3.8464538645292636,6.074918655188031,1.1135342170877864,0.09190026867937563,-0.04812040260497962,-0.07281705681981465
20,0,0,0,0,0,0,0,0,23,8,116.97542333602905,3.8464538645292636,6.074918655188031,1.1135342170877864,0.09190026867937563,-0.04812040260497962,-0.07281705681981465
20,0,0,0,0,0,0,0,0,23,8,117.47180104255676,3.8464538645292636,6.074918655188031,1.1135342170877864,0.09190026867937563,-0.04812040260497962,-0.07281705681981465
20,0,0,0,0,0,0,0,0,23,8,117.97503638267517,3.845207993415594,6.0849036028448005,1.093604548003687,0.06835633320685562,-0.0054479178472804325,-0.06685969450413685
20,0,0,0,0,0,0,0,0,23,8,118.46988868713379,3.8464538645292636,6.074918655188031,1.1135342170877864,0.09190026867937563,-0.04812040260497962,-0.07281705681981465
20,0,0,0,0,0,0,0,0,23,8,118.96264171600342,3.8491212120882334,6.058194263792165,1.1474495379796537,0.06740098040935918,-0.007752380429376506,-0.05220167834142641
20,0,0,0,0,0,0,0,0,23,8,119.45722699165344,3.8491212120882334,6.058194263792165,1.1474495379796537,0.06740098040935918,-0.007752380429376506,-0.05220167834142641
20,0,0,0,0,0,0,0,0,23,8,119.94566416740417,3.8464538645292636,6.074918655188031,1.1135342170877864,0.09190026867937563,-0.04812040260497962,-0.07281705681981465
20,0,0,0,0,0,0,0,0,23,8,120.39911532402039,3.8464538645292636,6.074918655188031,1.1135342170877864,0.09190026867937563,-0.04812040260497962,-0.07281705681981465
20,0,0,0,0,0,0,0,0,23,8,120.86089825630188,3.8464538645292636,6.074918655188031,1.1135342170877864,0.09190026867937563,-0.04812040260497962,-0.07281705681981465
